2026-05-14 08:23:50,323 [Worker-7: Loading available Gradle versions] INFO  o.e.b.c.i.u.g.PublishedGradleVersions - Gradle version information cache is up-to-date. Trying to read.
2026-05-16 08:25:42,554 [Worker-6: Loading available Gradle versions] INFO  o.e.b.c.i.u.g.PublishedGradleVersions - Gradle version information cache is up-to-date. Trying to read.
2026-05-19 08:21:58,290 [Worker-4: Loading available Gradle versions] INFO  o.e.b.c.i.u.g.PublishedGradleVersions - Gradle version information cache is up-to-date. Trying to read.
2026-05-21 08:13:08,624 [Worker-6: Loading available Gradle versions] INFO  o.e.b.c.i.u.g.PublishedGradleVersions - Gradle version information cache is out-of-date. Trying to update.
2026-05-26 08:15:28,167 [Worker-7: Loading available Gradle versions] INFO  o.e.b.c.i.u.g.PublishedGradleVersions - Gradle version information cache is up-to-date. Trying to read.
2026-06-02 08:24:59,510 [Worker-0: Loading available Gradle versions] INFO  o.e.b.c.i.u.g.PublishedGradleVersions - Gradle version information cache is up-to-date. Trying to read.
2026-06-04 08:28:09,121 [Worker-2: Loading available Gradle versions] INFO  o.e.b.c.i.u.g.PublishedGradleVersions - Gradle version information cache is out-of-date. Trying to update.
2026-06-09 08:22:18,589 [Worker-1: Loading available Gradle versions] INFO  o.e.b.c.i.u.g.PublishedGradleVersions - Gradle version information cache is up-to-date. Trying to read.
2026-06-13 17:45:15,027 [Worker-1: Loading available Gradle versions] INFO  o.e.b.c.i.u.g.PublishedGradleVersions - Gradle version information cache is out-of-date. Trying to update.
2026-06-13 17:53:05,623 [Worker-29: Launching mavenrun-65454ee8-d461-4739-8e38-7e69e579f33b] INFO  o.eclipse.m2e.core.internal.Bundles - getClasspathEntries(Bundle=org.eclipse.m2e.maven.runtime_3.9.700.20240602-2313 [642])
2026-06-13 17:53:05,628 [Worker-29: Launching mavenrun-65454ee8-d461-4739-8e38-7e69e579f33b] INFO  o.eclipse.m2e.core.internal.Bundles - 	Entry: C:\Users\Admin\.p2\pool\plugins\org.eclipse.m2e.maven.runtime_3.9.700.20240602-2313
2026-06-13 17:53:05,629 [Worker-29: Launching mavenrun-65454ee8-d461-4739-8e38-7e69e579f33b] INFO  o.eclipse.m2e.core.internal.Bundles - 	Entry: C:\Users\Admin\.p2\pool\plugins\org.eclipse.m2e.maven.runtime_3.9.700.20240602-2313\jars\aopalliance-1.0.jar
2026-06-13 17:53:05,629 [Worker-29: Launching mavenrun-65454ee8-d461-4739-8e38-7e69e579f33b] INFO  o.eclipse.m2e.core.internal.Bundles - 	Entry: C:\Users\Admin\.p2\pool\plugins\org.eclipse.m2e.maven.runtime_3.9.700.20240602-2313\jars\guice-5.1.0.jar
2026-06-13 17:53:05,629 [Worker-29: Launching mavenrun-65454ee8-d461-4739-8e38-7e69e579f33b] INFO  o.eclipse.m2e.core.internal.Bundles - 	Entry: C:\Users\Admin\.p2\pool\plugins\org.eclipse.m2e.maven.runtime_3.9.700.20240602-2313\jars\httpclient-4.5.14.jar
2026-06-13 17:53:05,630 [Worker-29: Launching mavenrun-65454ee8-d461-4739-8e38-7e69e579f33b] INFO  o.eclipse.m2e.core.internal.Bundles - 	Entry: C:\Users\Admin\.p2\pool\plugins\org.eclipse.m2e.maven.runtime_3.9.700.20240602-2313\jars\httpcore-4.4.16.jar
2026-06-13 17:53:05,630 [Worker-29: Launching mavenrun-65454ee8-d461-4739-8e38-7e69e579f33b] INFO  o.eclipse.m2e.core.internal.Bundles - 	Entry: C:\Users\Admin\.p2\pool\plugins\org.eclipse.m2e.maven.runtime_3.9.700.20240602-2313\jars\jansi-2.4.1.jar
2026-06-13 17:53:05,630 [Worker-29: Launching mavenrun-65454ee8-d461-4739-8e38-7e69e579f33b] INFO  o.eclipse.m2e.core.internal.Bundles - 	Entry: C:\Users\Admin\.p2\pool\plugins\org.eclipse.m2e.maven.runtime_3.9.700.20240602-2313\jars\jcl-over-slf4j-1.7.36.jar
2026-06-13 17:53:05,630 [Worker-29: Launching mavenrun-65454ee8-d461-4739-8e38-7e69e579f33b] INFO  o.eclipse.m2e.core.internal.Bundles - 	Entry: C:\Users\Admin\.p2\pool\plugins\org.eclipse.m2e.maven.runtime_3.9.700.20240602-2313\jars\maven-artifact-3.9.7.jar
2026-06-13 17:53:05,631 [Worker-29: Launching mavenrun-65454ee8-d461-4739-8e38-7e69e579f33b] INFO  o.eclipse.m2e.core.internal.Bundles - 	Entry: C:\Users\Admin\.p2\pool\plugins\org.eclipse.m2e.maven.runtime_3.9.700.20240602-2313\jars\maven-builder-support-3.9.7.jar
2026-06-13 17:53:05,631 [Worker-29: Launching mavenrun-65454ee8-d461-4739-8e38-7e69e579f33b] INFO  o.eclipse.m2e.core.internal.Bundles - 	Entry: C:\Users\Admin\.p2\pool\plugins\org.eclipse.m2e.maven.runtime_3.9.700.20240602-2313\jars\maven-compat-3.9.7.jar
2026-06-13 17:53:05,632 [Worker-29: Launching mavenrun-65454ee8-d461-4739-8e38-7e69e579f33b] INFO  o.eclipse.m2e.core.internal.Bundles - 	Entry: C:\Users\Admin\.p2\pool\plugins\org.eclipse.m2e.maven.runtime_3.9.700.20240602-2313\jars\maven-core-3.9.7.jar
2026-06-13 17:53:05,632 [Worker-29: Launching mavenrun-65454ee8-d461-4739-8e38-7e69e579f33b] INFO  o.eclipse.m2e.core.internal.Bundles - 	Entry: C:\Users\Admin\.p2\pool\plugins\org.eclipse.m2e.maven.runtime_3.9.700.20240602-2313\jars\maven-embedder-3.9.7.jar
2026-06-13 17:53:05,632 [Worker-29: Launching mavenrun-65454ee8-d461-4739-8e38-7e69e579f33b] INFO  o.eclipse.m2e.core.internal.Bundles - 	Entry: C:\Users\Admin\.p2\pool\plugins\org.eclipse.m2e.maven.runtime_3.9.700.20240602-2313\jars\maven-model-3.9.7.jar
2026-06-13 17:53:05,633 [Worker-29: Launching mavenrun-65454ee8-d461-4739-8e38-7e69e579f33b] INFO  o.eclipse.m2e.core.internal.Bundles - 	Entry: C:\Users\Admin\.p2\pool\plugins\org.eclipse.m2e.maven.runtime_3.9.700.20240602-2313\jars\maven-model-builder-3.9.7.jar
2026-06-13 17:53:05,633 [Worker-29: Launching mavenrun-65454ee8-d461-4739-8e38-7e69e579f33b] INFO  o.eclipse.m2e.core.internal.Bundles - 	Entry: C:\Users\Admin\.p2\pool\plugins\org.eclipse.m2e.maven.runtime_3.9.700.20240602-2313\jars\maven-plugin-api-3.9.7.jar
2026-06-13 17:53:05,633 [Worker-29: Launching mavenrun-65454ee8-d461-4739-8e38-7e69e579f33b] INFO  o.eclipse.m2e.core.internal.Bundles - 	Entry: C:\Users\Admin\.p2\pool\plugins\org.eclipse.m2e.maven.runtime_3.9.700.20240602-2313\jars\maven-repository-metadata-3.9.7.jar
2026-06-13 17:53:05,634 [Worker-29: Launching mavenrun-65454ee8-d461-4739-8e38-7e69e579f33b] INFO  o.eclipse.m2e.core.internal.Bundles - 	Entry: C:\Users\Admin\.p2\pool\plugins\org.eclipse.m2e.maven.runtime_3.9.700.20240602-2313\jars\maven-resolver-api-1.9.20.jar
2026-06-13 17:53:05,634 [Worker-29: Launching mavenrun-65454ee8-d461-4739-8e38-7e69e579f33b] INFO  o.eclipse.m2e.core.internal.Bundles - 	Entry: C:\Users\Admin\.p2\pool\plugins\org.eclipse.m2e.maven.runtime_3.9.700.20240602-2313\jars\maven-resolver-connector-basic-1.9.20.jar
2026-06-13 17:53:05,634 [Worker-29: Launching mavenrun-65454ee8-d461-4739-8e38-7e69e579f33b] INFO  o.eclipse.m2e.core.internal.Bundles - 	Entry: C:\Users\Admin\.p2\pool\plugins\org.eclipse.m2e.maven.runtime_3.9.700.20240602-2313\jars\maven-resolver-impl-1.9.20.jar
2026-06-13 17:53:05,634 [Worker-29: Launching mavenrun-65454ee8-d461-4739-8e38-7e69e579f33b] INFO  o.eclipse.m2e.core.internal.Bundles - 	Entry: C:\Users\Admin\.p2\pool\plugins\org.eclipse.m2e.maven.runtime_3.9.700.20240602-2313\jars\maven-resolver-named-locks-1.9.20.jar
2026-06-13 17:53:05,635 [Worker-29: Launching mavenrun-65454ee8-d461-4739-8e38-7e69e579f33b] INFO  o.eclipse.m2e.core.internal.Bundles - 	Entry: C:\Users\Admin\.p2\pool\plugins\org.eclipse.m2e.maven.runtime_3.9.700.20240602-2313\jars\maven-resolver-provider-3.9.7.jar
2026-06-13 17:53:05,635 [Worker-29: Launching mavenrun-65454ee8-d461-4739-8e38-7e69e579f33b] INFO  o.eclipse.m2e.core.internal.Bundles - 	Entry: C:\Users\Admin\.p2\pool\plugins\org.eclipse.m2e.maven.runtime_3.9.700.20240602-2313\jars\maven-resolver-spi-1.9.20.jar
2026-06-13 17:53:05,635 [Worker-29: Launching mavenrun-65454ee8-d461-4739-8e38-7e69e579f33b] INFO  o.eclipse.m2e.core.internal.Bundles - 	Entry: C:\Users\Admin\.p2\pool\plugins\org.eclipse.m2e.maven.runtime_3.9.700.20240602-2313\jars\maven-resolver-transport-file-1.9.20.jar
2026-06-13 17:53:05,635 [Worker-29: Launching mavenrun-65454ee8-d461-4739-8e38-7e69e579f33b] INFO  o.eclipse.m2e.core.internal.Bundles - 	Entry: C:\Users\Admin\.p2\pool\plugins\org.eclipse.m2e.maven.runtime_3.9.700.20240602-2313\jars\maven-resolver-transport-http-1.9.20.jar
2026-06-13 17:53:05,635 [Worker-29: Launching mavenrun-65454ee8-d461-4739-8e38-7e69e579f33b] INFO  o.eclipse.m2e.core.internal.Bundles - 	Entry: C:\Users\Admin\.p2\pool\plugins\org.eclipse.m2e.maven.runtime_3.9.700.20240602-2313\jars\maven-resolver-transport-wagon-1.9.20.jar
2026-06-13 17:53:05,636 [Worker-29: Launching mavenrun-65454ee8-d461-4739-8e38-7e69e579f33b] INFO  o.eclipse.m2e.core.internal.Bundles - 	Entry: C:\Users\Admin\.p2\pool\plugins\org.eclipse.m2e.maven.runtime_3.9.700.20240602-2313\jars\maven-resolver-util-1.9.20.jar
2026-06-13 17:53:05,636 [Worker-29: Launching mavenrun-65454ee8-d461-4739-8e38-7e69e579f33b] INFO  o.eclipse.m2e.core.internal.Bundles - 	Entry: C:\Users\Admin\.p2\pool\plugins\org.eclipse.m2e.maven.runtime_3.9.700.20240602-2313\jars\maven-settings-3.9.7.jar
2026-06-13 17:53:05,636 [Worker-29: Launching mavenrun-65454ee8-d461-4739-8e38-7e69e579f33b] INFO  o.eclipse.m2e.core.internal.Bundles - 	Entry: C:\Users\Admin\.p2\pool\plugins\org.eclipse.m2e.maven.runtime_3.9.700.20240602-2313\jars\maven-settings-builder-3.9.7.jar
2026-06-13 17:53:05,637 [Worker-29: Launching mavenrun-65454ee8-d461-4739-8e38-7e69e579f33b] INFO  o.eclipse.m2e.core.internal.Bundles - 	Entry: C:\Users\Admin\.p2\pool\plugins\org.eclipse.m2e.maven.runtime_3.9.700.20240602-2313\jars\maven-shared-utils-3.4.2.jar
2026-06-13 17:53:05,637 [Worker-29: Launching mavenrun-65454ee8-d461-4739-8e38-7e69e579f33b] INFO  o.eclipse.m2e.core.internal.Bundles - 	Entry: C:\Users\Admin\.p2\pool\plugins\org.eclipse.m2e.maven.runtime_3.9.700.20240602-2313\jars\org.eclipse.sisu.inject-0.9.0.M2.jar
2026-06-13 17:53:05,637 [Worker-29: Launching mavenrun-65454ee8-d461-4739-8e38-7e69e579f33b] INFO  o.eclipse.m2e.core.internal.Bundles - 	Entry: C:\Users\Admin\.p2\pool\plugins\org.eclipse.m2e.maven.runtime_3.9.700.20240602-2313\jars\org.eclipse.sisu.plexus-0.9.0.M2.jar
2026-06-13 17:53:05,638 [Worker-29: Launching mavenrun-65454ee8-d461-4739-8e38-7e69e579f33b] INFO  o.eclipse.m2e.core.internal.Bundles - 	Entry: C:\Users\Admin\.p2\pool\plugins\org.eclipse.m2e.maven.runtime_3.9.700.20240602-2313\jars\plexus-build-api-0.0.7.jar
2026-06-13 17:53:05,638 [Worker-29: Launching mavenrun-65454ee8-d461-4739-8e38-7e69e579f33b] INFO  o.eclipse.m2e.core.internal.Bundles - 	Entry: C:\Users\Admin\.p2\pool\plugins\org.eclipse.m2e.maven.runtime_3.9.700.20240602-2313\jars\plexus-build-api-1.2.0.jar
2026-06-13 17:53:05,639 [Worker-29: Launching mavenrun-65454ee8-d461-4739-8e38-7e69e579f33b] INFO  o.eclipse.m2e.core.internal.Bundles - 	Entry: C:\Users\Admin\.p2\pool\plugins\org.eclipse.m2e.maven.runtime_3.9.700.20240602-2313\jars\plexus-cipher-2.0.jar
2026-06-13 17:53:05,639 [Worker-29: Launching mavenrun-65454ee8-d461-4739-8e38-7e69e579f33b] INFO  o.eclipse.m2e.core.internal.Bundles - 	Entry: C:\Users\Admin\.p2\pool\plugins\org.eclipse.m2e.maven.runtime_3.9.700.20240602-2313\jars\plexus-classworlds-2.8.0.jar
2026-06-13 17:53:05,639 [Worker-29: Launching mavenrun-65454ee8-d461-4739-8e38-7e69e579f33b] INFO  o.eclipse.m2e.core.internal.Bundles - 	Entry: C:\Users\Admin\.p2\pool\plugins\org.eclipse.m2e.maven.runtime_3.9.700.20240602-2313\jars\plexus-component-annotations-2.1.0.jar
2026-06-13 17:53:05,640 [Worker-29: Launching mavenrun-65454ee8-d461-4739-8e38-7e69e579f33b] INFO  o.eclipse.m2e.core.internal.Bundles - 	Entry: C:\Users\Admin\.p2\pool\plugins\org.eclipse.m2e.maven.runtime_3.9.700.20240602-2313\jars\plexus-interpolation-1.27.jar
2026-06-13 17:53:05,640 [Worker-29: Launching mavenrun-65454ee8-d461-4739-8e38-7e69e579f33b] INFO  o.eclipse.m2e.core.internal.Bundles - 	Entry: C:\Users\Admin\.p2\pool\plugins\org.eclipse.m2e.maven.runtime_3.9.700.20240602-2313\jars\plexus-sec-dispatcher-2.0.jar
2026-06-13 17:53:05,641 [Worker-29: Launching mavenrun-65454ee8-d461-4739-8e38-7e69e579f33b] INFO  o.eclipse.m2e.core.internal.Bundles - 	Entry: C:\Users\Admin\.p2\pool\plugins\org.eclipse.m2e.maven.runtime_3.9.700.20240602-2313\jars\plexus-utils-3.5.1.jar
2026-06-13 17:53:05,641 [Worker-29: Launching mavenrun-65454ee8-d461-4739-8e38-7e69e579f33b] INFO  o.eclipse.m2e.core.internal.Bundles - 	Entry: C:\Users\Admin\.p2\pool\plugins\org.eclipse.m2e.maven.runtime_3.9.700.20240602-2313\jars\wagon-file-3.5.3.jar
2026-06-13 17:53:05,642 [Worker-29: Launching mavenrun-65454ee8-d461-4739-8e38-7e69e579f33b] INFO  o.eclipse.m2e.core.internal.Bundles - 	Entry: C:\Users\Admin\.p2\pool\plugins\org.eclipse.m2e.maven.runtime_3.9.700.20240602-2313\jars\wagon-http-3.5.3.jar
2026-06-13 17:53:05,642 [Worker-29: Launching mavenrun-65454ee8-d461-4739-8e38-7e69e579f33b] INFO  o.eclipse.m2e.core.internal.Bundles - 	Entry: C:\Users\Admin\.p2\pool\plugins\org.eclipse.m2e.maven.runtime_3.9.700.20240602-2313\jars\wagon-http-shared-3.5.3.jar
2026-06-13 17:53:05,642 [Worker-29: Launching mavenrun-65454ee8-d461-4739-8e38-7e69e579f33b] INFO  o.eclipse.m2e.core.internal.Bundles - 	Entry: C:\Users\Admin\.p2\pool\plugins\org.eclipse.m2e.maven.runtime_3.9.700.20240602-2313\jars\wagon-provider-api-3.5.3.jar
2026-06-13 17:53:05,645 [Worker-29: Launching mavenrun-65454ee8-d461-4739-8e38-7e69e579f33b] INFO  o.eclipse.m2e.core.internal.Bundles - getClasspathEntries(Bundle=com.google.guava_33.4.8.jre [1147])
2026-06-13 17:53:05,646 [Worker-29: Launching mavenrun-65454ee8-d461-4739-8e38-7e69e579f33b] INFO  o.eclipse.m2e.core.internal.Bundles - 	Entry: C:\Users\Admin\.p2\pool\plugins\com.google.guava_33.4.8.jre.jar
2026-06-13 17:53:05,646 [Worker-29: Launching mavenrun-65454ee8-d461-4739-8e38-7e69e579f33b] INFO  o.eclipse.m2e.core.internal.Bundles - getClasspathEntries(Bundle=slf4j.api_2.0.17 [1007])
2026-06-13 17:53:05,647 [Worker-29: Launching mavenrun-65454ee8-d461-4739-8e38-7e69e579f33b] INFO  o.eclipse.m2e.core.internal.Bundles - 	Entry: C:\Users\Admin\.p2\pool\plugins\slf4j.api_2.0.17.jar
2026-06-13 17:53:05,647 [Worker-29: Launching mavenrun-65454ee8-d461-4739-8e38-7e69e579f33b] INFO  o.eclipse.m2e.core.internal.Bundles - getClasspathEntries(Bundle=javax.inject_1.0.0.v20091030 [1223])
2026-06-13 17:53:05,648 [Worker-29: Launching mavenrun-65454ee8-d461-4739-8e38-7e69e579f33b] INFO  o.eclipse.m2e.core.internal.Bundles - 	Entry: C:\Users\Admin\.p2\pool\plugins\javax.inject_1.0.0.v20091030.jar
2026-06-13 17:53:05,649 [Worker-29: Launching mavenrun-65454ee8-d461-4739-8e38-7e69e579f33b] INFO  o.eclipse.m2e.core.internal.Bundles - getClasspathEntries(Bundle=javax.annotation_1.3.5.v20200909-1856 [44])
2026-06-13 17:53:05,649 [Worker-29: Launching mavenrun-65454ee8-d461-4739-8e38-7e69e579f33b] INFO  o.eclipse.m2e.core.internal.Bundles - 	Entry: C:\Users\Admin\.p2\pool\plugins\javax.annotation_1.3.5.v20200909-1856.jar
2026-06-13 17:53:05,650 [Worker-29: Launching mavenrun-65454ee8-d461-4739-8e38-7e69e579f33b] INFO  o.eclipse.m2e.core.internal.Bundles - getClasspathEntries(Bundle=org.apache.commons.cli_1.9.0 [1161])
2026-06-13 17:53:05,650 [Worker-29: Launching mavenrun-65454ee8-d461-4739-8e38-7e69e579f33b] INFO  o.eclipse.m2e.core.internal.Bundles - 	Entry: C:\Users\Admin\.p2\pool\plugins\org.apache.commons.cli_1.9.0.jar
2026-06-13 17:53:05,650 [Worker-29: Launching mavenrun-65454ee8-d461-4739-8e38-7e69e579f33b] INFO  o.eclipse.m2e.core.internal.Bundles - getClasspathEntries(Bundle=org.apache.commons.commons-codec_1.16.0 [81])
2026-06-13 17:53:05,651 [Worker-29: Launching mavenrun-65454ee8-d461-4739-8e38-7e69e579f33b] INFO  o.eclipse.m2e.core.internal.Bundles - 	Entry: C:\Users\Admin\.p2\pool\plugins\org.apache.commons.commons-codec_1.16.0.jar
2026-06-13 17:53:05,651 [Worker-29: Launching mavenrun-65454ee8-d461-4739-8e38-7e69e579f33b] INFO  o.eclipse.m2e.core.internal.Bundles - getClasspathEntries(Bundle=org.apache.commons.lang3_3.17.0 [1064])
2026-06-13 17:53:05,651 [Worker-29: Launching mavenrun-65454ee8-d461-4739-8e38-7e69e579f33b] INFO  o.eclipse.m2e.core.internal.Bundles - 	Entry: C:\Users\Admin\.p2\pool\plugins\org.apache.commons.lang3_3.17.0.jar
2026-06-13 17:53:05,651 [Worker-29: Launching mavenrun-65454ee8-d461-4739-8e38-7e69e579f33b] INFO  o.eclipse.m2e.core.internal.Bundles - getClasspathEntries(Bundle=com.google.guava.failureaccess_1.0.3 [1148])
2026-06-13 17:53:05,652 [Worker-29: Launching mavenrun-65454ee8-d461-4739-8e38-7e69e579f33b] INFO  o.eclipse.m2e.core.internal.Bundles - 	Entry: C:\Users\Admin\.p2\pool\plugins\com.google.guava.failureaccess_1.0.3.jar
2026-06-13 17:53:05,659 [Worker-29: Launching mavenrun-65454ee8-d461-4739-8e38-7e69e579f33b] INFO  o.e.m.i.launch.MavenLaunchDelegate - Run build in "C:\Users\Admin\AppData\Local\Temp\m2e-archetypeGenerator8420631448420625487":
2026-06-13 17:53:05,667 [Worker-29: Launching mavenrun-65454ee8-d461-4739-8e38-7e69e579f33b] INFO  o.e.m.i.launch.MavenLaunchDelegate -  mvn  -DarchetypeGroupId=org.apache.maven.archetypes -DarchetypeArtifactId=maven-archetype-quickstart -DarchetypeVersion=1.1 -DgroupId=com.selenium -DartifactId=Selenium_Learning -Dversion=0.0.1-SNAPSHOT -Dpackage=com.selenium -DoutputDirectory="C:\Users\Admin\Automation TTS 8-00" -Dstyle.color=always -U archetype:generate
2026-06-13 17:53:52,524 [Worker-31: Creating maven-archetype-quickstart] INFO  o.e.m.c.i.p.ProjectConfigurationManager - Collecting project info '/pom.xml' C:\Users\Admin\Automation TTS 8-00\Selenium_Learning\pom.xml
2026-06-13 17:53:53,604 [Worker-31: Creating maven-archetype-quickstart] INFO  o.e.m.c.i.l.LifecycleMappingFactory - Using org.eclipse.m2e.jdt.JarLifecycleMapping lifecycle mapping for MavenProject: com.selenium:Selenium_Learning:0.0.1-SNAPSHOT @ C:\Users\Admin\Automation TTS 8-00\Selenium_Learning\pom.xml.
2026-06-13 17:53:54,634 [Worker-31: Creating maven-archetype-quickstart] INFO  o.e.m.j.i.AbstractJavaProjectConfigurator - Adding source folder /Selenium_Learning/src/main/java
2026-06-13 17:53:54,637 [Worker-31: Creating maven-archetype-quickstart] INFO  o.e.m.j.i.AbstractJavaProjectConfigurator - Adding resource folder /Selenium_Learning/src/main/resources
2026-06-13 17:53:54,643 [Worker-31: Creating maven-archetype-quickstart] INFO  o.e.m.j.i.AbstractJavaProjectConfigurator - Adding source folder /Selenium_Learning/src/test/java
2026-06-13 17:53:54,645 [Worker-31: Creating maven-archetype-quickstart] INFO  o.e.m.j.i.AbstractJavaProjectConfigurator - Adding resource folder /Selenium_Learning/src/test/resources
2026-06-13 17:53:54,787 [Worker-31: Creating maven-archetype-quickstart] INFO  o.e.m.c.i.p.ProjectConfigurationManager - Imported and configured 1 project(s) in 2 sec
2026-06-13 17:53:56,620 [Worker-32: Building] INFO  o.a.m.s.f.DefaultMavenResourcesFiltering - skip non existing resourceDirectory C:\Users\Admin\Automation TTS 8-00\Selenium_Learning\src\main\resources
2026-06-13 17:53:56,626 [Worker-32: Building] INFO  o.a.m.s.f.DefaultMavenResourcesFiltering - skip non existing resourceDirectory C:\Users\Admin\Automation TTS 8-00\Selenium_Learning\src\test\resources
2026-06-13 17:58:07,822 [Worker-32: Building] INFO  o.e.m.c.i.l.LifecycleMappingFactory - Using org.eclipse.m2e.jdt.JarLifecycleMapping lifecycle mapping for MavenProject: com.selenium:Selenium_Learning:0.0.1-SNAPSHOT @ C:\Users\Admin\Automation TTS 8-00\Selenium_Learning\pom.xml.
2026-06-13 17:58:08,017 [Worker-32: Building] INFO  o.a.m.s.f.DefaultMavenResourcesFiltering - skip non existing resourceDirectory C:\Users\Admin\Automation TTS 8-00\Selenium_Learning\src\main\resources
2026-06-13 17:58:08,021 [Worker-32: Building] INFO  o.a.m.s.f.DefaultMavenResourcesFiltering - skip non existing resourceDirectory C:\Users\Admin\Automation TTS 8-00\Selenium_Learning\src\test\resources
2026-06-13 18:00:06,088 [Worker-34: Building] INFO  o.e.m.c.i.l.LifecycleMappingFactory - Using org.eclipse.m2e.jdt.JarLifecycleMapping lifecycle mapping for MavenProject: com.selenium:Selenium_Learning:0.0.1-SNAPSHOT @ C:\Users\Admin\Automation TTS 8-00\Selenium_Learning\pom.xml.
2026-06-13 18:00:06,272 [Worker-34: Building] INFO  o.a.m.s.f.DefaultMavenResourcesFiltering - skip non existing resourceDirectory C:\Users\Admin\Automation TTS 8-00\Selenium_Learning\src\main\resources
2026-06-13 18:00:06,278 [Worker-34: Building] INFO  o.a.m.s.f.DefaultMavenResourcesFiltering - skip non existing resourceDirectory C:\Users\Admin\Automation TTS 8-00\Selenium_Learning\src\test\resources
2026-06-13 18:03:58,145 [Worker-36: Building] INFO  o.e.m.c.i.l.LifecycleMappingFactory - Using org.eclipse.m2e.jdt.JarLifecycleMapping lifecycle mapping for MavenProject: com.selenium:Selenium_Learning:0.0.1-SNAPSHOT @ C:\Users\Admin\Automation TTS 8-00\Selenium_Learning\pom.xml.
2026-06-13 18:03:58,295 [Worker-36: Building] INFO  o.a.m.s.f.DefaultMavenResourcesFiltering - skip non existing resourceDirectory C:\Users\Admin\Automation TTS 8-00\Selenium_Learning\src\main\resources
2026-06-13 18:03:58,300 [Worker-36: Building] INFO  o.a.m.s.f.DefaultMavenResourcesFiltering - skip non existing resourceDirectory C:\Users\Admin\Automation TTS 8-00\Selenium_Learning\src\test\resources
2026-06-13 18:05:59,945 [Worker-29: Building] INFO  o.e.m.c.i.l.LifecycleMappingFactory - Using org.eclipse.m2e.jdt.JarLifecycleMapping lifecycle mapping for MavenProject: com.selenium:Selenium_Learning:0.0.1-SNAPSHOT @ C:\Users\Admin\Automation TTS 8-00\Selenium_Learning\pom.xml.
2026-06-13 18:06:00,668 [Worker-29: Building] INFO  o.a.m.s.f.DefaultMavenResourcesFiltering - skip non existing resourceDirectory C:\Users\Admin\Automation TTS 8-00\Selenium_Learning\src\main\resources
2026-06-13 18:06:00,673 [Worker-29: Building] INFO  o.a.m.s.f.DefaultMavenResourcesFiltering - skip non existing resourceDirectory C:\Users\Admin\Automation TTS 8-00\Selenium_Learning\src\test\resources
2026-06-13 18:06:02,527 [Worker-43: Building] INFO  o.a.m.s.f.DefaultMavenResourcesFiltering - skip non existing resourceDirectory C:\Users\Admin\Automation TTS 8-00\Selenium_Learning\src\main\resources
2026-06-13 18:06:02,532 [Worker-43: Building] INFO  o.a.m.s.f.DefaultMavenResourcesFiltering - skip non existing resourceDirectory C:\Users\Admin\Automation TTS 8-00\Selenium_Learning\src\test\resources
2026-06-13 18:09:19,948 [Worker-45: Building] INFO  o.a.m.s.f.DefaultMavenResourcesFiltering - skip non existing resourceDirectory C:\Users\Admin\Automation TTS 8-00\Selenium_Learning\src\main\resources
2026-06-13 18:09:19,951 [Worker-45: Building] INFO  o.a.m.s.f.DefaultMavenResourcesFiltering - skip non existing resourceDirectory C:\Users\Admin\Automation TTS 8-00\Selenium_Learning\src\test\resources
2026-06-13 18:09:25,639 [Worker-46: Building] INFO  o.a.m.s.f.DefaultMavenResourcesFiltering - skip non existing resourceDirectory C:\Users\Admin\Automation TTS 8-00\Selenium_Learning\src\main\resources
2026-06-13 18:09:25,642 [Worker-46: Building] INFO  o.a.m.s.f.DefaultMavenResourcesFiltering - skip non existing resourceDirectory C:\Users\Admin\Automation TTS 8-00\Selenium_Learning\src\test\resources
2026-06-13 18:09:38,613 [Worker-44: Building] INFO  o.a.m.s.f.DefaultMavenResourcesFiltering - skip non existing resourceDirectory C:\Users\Admin\Automation TTS 8-00\Selenium_Learning\src\main\resources
2026-06-13 18:09:38,616 [Worker-44: Building] INFO  o.a.m.s.f.DefaultMavenResourcesFiltering - skip non existing resourceDirectory C:\Users\Admin\Automation TTS 8-00\Selenium_Learning\src\test\resources
2026-06-13 18:09:49,857 [Worker-47: Building] INFO  o.a.m.s.f.DefaultMavenResourcesFiltering - skip non existing resourceDirectory C:\Users\Admin\Automation TTS 8-00\Selenium_Learning\src\main\resources
2026-06-13 18:09:49,860 [Worker-47: Building] INFO  o.a.m.s.f.DefaultMavenResourcesFiltering - skip non existing resourceDirectory C:\Users\Admin\Automation TTS 8-00\Selenium_Learning\src\test\resources
2026-06-13 18:09:52,096 [Worker-45: Building] INFO  o.a.m.s.f.DefaultMavenResourcesFiltering - skip non existing resourceDirectory C:\Users\Admin\Automation TTS 8-00\Selenium_Learning\src\main\resources
2026-06-13 18:09:52,098 [Worker-45: Building] INFO  o.a.m.s.f.DefaultMavenResourcesFiltering - skip non existing resourceDirectory C:\Users\Admin\Automation TTS 8-00\Selenium_Learning\src\test\resources
2026-06-13 18:10:54,716 [Worker-39: Building] INFO  o.a.m.s.f.DefaultMavenResourcesFiltering - skip non existing resourceDirectory C:\Users\Admin\Automation TTS 8-00\Selenium_Learning\src\main\resources
2026-06-13 18:10:54,719 [Worker-39: Building] INFO  o.a.m.s.f.DefaultMavenResourcesFiltering - skip non existing resourceDirectory C:\Users\Admin\Automation TTS 8-00\Selenium_Learning\src\test\resources
2026-06-13 18:11:31,926 [Worker-48: Building] INFO  o.a.m.s.f.DefaultMavenResourcesFiltering - skip non existing resourceDirectory C:\Users\Admin\Automation TTS 8-00\Selenium_Learning\src\main\resources
2026-06-13 18:11:31,930 [Worker-48: Building] INFO  o.a.m.s.f.DefaultMavenResourcesFiltering - skip non existing resourceDirectory C:\Users\Admin\Automation TTS 8-00\Selenium_Learning\src\test\resources
2026-06-13 18:22:11,604 [Worker-51: Building] INFO  o.a.m.s.f.DefaultMavenResourcesFiltering - skip non existing resourceDirectory C:\Users\Admin\Automation TTS 8-00\Selenium_Learning\src\main\resources
2026-06-13 18:22:11,608 [Worker-51: Building] INFO  o.a.m.s.f.DefaultMavenResourcesFiltering - skip non existing resourceDirectory C:\Users\Admin\Automation TTS 8-00\Selenium_Learning\src\test\resources
2026-06-13 18:24:06,491 [Worker-49: Building] INFO  o.a.m.s.f.DefaultMavenResourcesFiltering - skip non existing resourceDirectory C:\Users\Admin\Automation TTS 8-00\Selenium_Learning\src\main\resources
2026-06-13 18:24:06,493 [Worker-49: Building] INFO  o.a.m.s.f.DefaultMavenResourcesFiltering - skip non existing resourceDirectory C:\Users\Admin\Automation TTS 8-00\Selenium_Learning\src\test\resources
2026-06-13 18:24:45,901 [Worker-53: Building] INFO  o.a.m.s.f.DefaultMavenResourcesFiltering - skip non existing resourceDirectory C:\Users\Admin\Automation TTS 8-00\Selenium_Learning\src\main\resources
2026-06-13 18:24:45,903 [Worker-53: Building] INFO  o.a.m.s.f.DefaultMavenResourcesFiltering - skip non existing resourceDirectory C:\Users\Admin\Automation TTS 8-00\Selenium_Learning\src\test\resources
2026-06-13 18:24:48,534 [Worker-53: Building] INFO  o.a.m.s.f.DefaultMavenResourcesFiltering - skip non existing resourceDirectory C:\Users\Admin\Automation TTS 8-00\Selenium_Learning\src\main\resources
2026-06-13 18:24:48,537 [Worker-53: Building] INFO  o.a.m.s.f.DefaultMavenResourcesFiltering - skip non existing resourceDirectory C:\Users\Admin\Automation TTS 8-00\Selenium_Learning\src\test\resources
2026-06-13 18:24:56,903 [Worker-51: Building] INFO  o.a.m.s.f.DefaultMavenResourcesFiltering - skip non existing resourceDirectory C:\Users\Admin\Automation TTS 8-00\Selenium_Learning\src\main\resources
2026-06-13 18:24:56,904 [Worker-51: Building] INFO  o.a.m.s.f.DefaultMavenResourcesFiltering - skip non existing resourceDirectory C:\Users\Admin\Automation TTS 8-00\Selenium_Learning\src\test\resources
2026-06-13 18:24:58,073 [Worker-55: Building] INFO  o.a.m.s.f.DefaultMavenResourcesFiltering - skip non existing resourceDirectory C:\Users\Admin\Automation TTS 8-00\Selenium_Learning\src\main\resources
2026-06-13 18:24:58,077 [Worker-55: Building] INFO  o.a.m.s.f.DefaultMavenResourcesFiltering - skip non existing resourceDirectory C:\Users\Admin\Automation TTS 8-00\Selenium_Learning\src\test\resources
2026-06-13 18:25:00,190 [Worker-53: Building] INFO  o.a.m.s.f.DefaultMavenResourcesFiltering - skip non existing resourceDirectory C:\Users\Admin\Automation TTS 8-00\Selenium_Learning\src\main\resources
2026-06-13 18:25:00,193 [Worker-53: Building] INFO  o.a.m.s.f.DefaultMavenResourcesFiltering - skip non existing resourceDirectory C:\Users\Admin\Automation TTS 8-00\Selenium_Learning\src\test\resources
2026-06-13 18:25:33,073 [Worker-54: Building] INFO  o.a.m.s.f.DefaultMavenResourcesFiltering - skip non existing resourceDirectory C:\Users\Admin\Automation TTS 8-00\Selenium_Learning\src\main\resources
2026-06-13 18:25:33,074 [Worker-54: Building] INFO  o.a.m.s.f.DefaultMavenResourcesFiltering - skip non existing resourceDirectory C:\Users\Admin\Automation TTS 8-00\Selenium_Learning\src\test\resources
2026-06-13 18:25:53,113 [Worker-56: Building] INFO  o.a.m.s.f.DefaultMavenResourcesFiltering - skip non existing resourceDirectory C:\Users\Admin\Automation TTS 8-00\Selenium_Learning\src\main\resources
2026-06-13 18:25:53,115 [Worker-56: Building] INFO  o.a.m.s.f.DefaultMavenResourcesFiltering - skip non existing resourceDirectory C:\Users\Admin\Automation TTS 8-00\Selenium_Learning\src\test\resources
2026-06-13 18:26:14,658 [Worker-57: Building] INFO  o.a.m.s.f.DefaultMavenResourcesFiltering - skip non existing resourceDirectory C:\Users\Admin\Automation TTS 8-00\Selenium_Learning\src\main\resources
2026-06-13 18:26:14,661 [Worker-57: Building] INFO  o.a.m.s.f.DefaultMavenResourcesFiltering - skip non existing resourceDirectory C:\Users\Admin\Automation TTS 8-00\Selenium_Learning\src\test\resources
2026-06-13 18:26:18,652 [Worker-51: Building] INFO  o.a.m.s.f.DefaultMavenResourcesFiltering - skip non existing resourceDirectory C:\Users\Admin\Automation TTS 8-00\Selenium_Learning\src\main\resources
2026-06-13 18:26:18,654 [Worker-51: Building] INFO  o.a.m.s.f.DefaultMavenResourcesFiltering - skip non existing resourceDirectory C:\Users\Admin\Automation TTS 8-00\Selenium_Learning\src\test\resources
2026-06-13 18:26:47,659 [Worker-53: Building] INFO  o.a.m.s.f.DefaultMavenResourcesFiltering - skip non existing resourceDirectory C:\Users\Admin\Automation TTS 8-00\Selenium_Learning\src\main\resources
2026-06-13 18:26:47,660 [Worker-53: Building] INFO  o.a.m.s.f.DefaultMavenResourcesFiltering - skip non existing resourceDirectory C:\Users\Admin\Automation TTS 8-00\Selenium_Learning\src\test\resources
2026-06-13 18:27:13,831 [Worker-51: Building] INFO  o.a.m.s.f.DefaultMavenResourcesFiltering - skip non existing resourceDirectory C:\Users\Admin\Automation TTS 8-00\Selenium_Learning\src\main\resources
2026-06-13 18:27:13,833 [Worker-51: Building] INFO  o.a.m.s.f.DefaultMavenResourcesFiltering - skip non existing resourceDirectory C:\Users\Admin\Automation TTS 8-00\Selenium_Learning\src\test\resources
2026-06-13 18:27:23,295 [Worker-54: Building] INFO  o.a.m.s.f.DefaultMavenResourcesFiltering - skip non existing resourceDirectory C:\Users\Admin\Automation TTS 8-00\Selenium_Learning\src\main\resources
2026-06-13 18:27:23,298 [Worker-54: Building] INFO  o.a.m.s.f.DefaultMavenResourcesFiltering - skip non existing resourceDirectory C:\Users\Admin\Automation TTS 8-00\Selenium_Learning\src\test\resources
2026-06-13 18:27:38,657 [Worker-51: Building] INFO  o.a.m.s.f.DefaultMavenResourcesFiltering - skip non existing resourceDirectory C:\Users\Admin\Automation TTS 8-00\Selenium_Learning\src\main\resources
2026-06-13 18:27:38,659 [Worker-51: Building] INFO  o.a.m.s.f.DefaultMavenResourcesFiltering - skip non existing resourceDirectory C:\Users\Admin\Automation TTS 8-00\Selenium_Learning\src\test\resources
2026-06-13 18:28:22,603 [Worker-54: Building] INFO  o.a.m.s.f.DefaultMavenResourcesFiltering - skip non existing resourceDirectory C:\Users\Admin\Automation TTS 8-00\Selenium_Learning\src\main\resources
2026-06-13 18:28:22,606 [Worker-54: Building] INFO  o.a.m.s.f.DefaultMavenResourcesFiltering - skip non existing resourceDirectory C:\Users\Admin\Automation TTS 8-00\Selenium_Learning\src\test\resources
2026-06-13 18:28:50,843 [Worker-57: Building] INFO  o.a.m.s.f.DefaultMavenResourcesFiltering - skip non existing resourceDirectory C:\Users\Admin\Automation TTS 8-00\Selenium_Learning\src\main\resources
2026-06-13 18:28:50,845 [Worker-57: Building] INFO  o.a.m.s.f.DefaultMavenResourcesFiltering - skip non existing resourceDirectory C:\Users\Admin\Automation TTS 8-00\Selenium_Learning\src\test\resources
2026-06-13 18:29:08,537 [Worker-53: Building] INFO  o.a.m.s.f.DefaultMavenResourcesFiltering - skip non existing resourceDirectory C:\Users\Admin\Automation TTS 8-00\Selenium_Learning\src\main\resources
2026-06-13 18:29:08,539 [Worker-53: Building] INFO  o.a.m.s.f.DefaultMavenResourcesFiltering - skip non existing resourceDirectory C:\Users\Admin\Automation TTS 8-00\Selenium_Learning\src\test\resources
2026-06-13 18:29:17,868 [Worker-56: Building] INFO  o.a.m.s.f.DefaultMavenResourcesFiltering - skip non existing resourceDirectory C:\Users\Admin\Automation TTS 8-00\Selenium_Learning\src\main\resources
2026-06-13 18:29:17,872 [Worker-56: Building] INFO  o.a.m.s.f.DefaultMavenResourcesFiltering - skip non existing resourceDirectory C:\Users\Admin\Automation TTS 8-00\Selenium_Learning\src\test\resources
2026-06-13 18:29:18,970 [Worker-49: Building] INFO  o.a.m.s.f.DefaultMavenResourcesFiltering - skip non existing resourceDirectory C:\Users\Admin\Automation TTS 8-00\Selenium_Learning\src\main\resources
2026-06-13 18:29:18,972 [Worker-49: Building] INFO  o.a.m.s.f.DefaultMavenResourcesFiltering - skip non existing resourceDirectory C:\Users\Admin\Automation TTS 8-00\Selenium_Learning\src\test\resources
2026-06-13 18:30:06,325 [Worker-53: Building] INFO  o.a.m.s.f.DefaultMavenResourcesFiltering - skip non existing resourceDirectory C:\Users\Admin\Automation TTS 8-00\Selenium_Learning\src\main\resources
2026-06-13 18:30:06,328 [Worker-53: Building] INFO  o.a.m.s.f.DefaultMavenResourcesFiltering - skip non existing resourceDirectory C:\Users\Admin\Automation TTS 8-00\Selenium_Learning\src\test\resources
2026-06-13 18:36:52,153 [Worker-59: Building] INFO  o.a.m.s.f.DefaultMavenResourcesFiltering - skip non existing resourceDirectory C:\Users\Admin\Automation TTS 8-00\Selenium_Learning\src\main\resources
2026-06-13 18:36:52,155 [Worker-59: Building] INFO  o.a.m.s.f.DefaultMavenResourcesFiltering - skip non existing resourceDirectory C:\Users\Admin\Automation TTS 8-00\Selenium_Learning\src\test\resources
2026-06-13 18:37:23,645 [Worker-55: Building] INFO  o.a.m.s.f.DefaultMavenResourcesFiltering - skip non existing resourceDirectory C:\Users\Admin\Automation TTS 8-00\Selenium_Learning\src\main\resources
2026-06-13 18:37:23,647 [Worker-55: Building] INFO  o.a.m.s.f.DefaultMavenResourcesFiltering - skip non existing resourceDirectory C:\Users\Admin\Automation TTS 8-00\Selenium_Learning\src\test\resources
2026-06-13 18:37:57,556 [Worker-63: Building] INFO  o.a.m.s.f.DefaultMavenResourcesFiltering - skip non existing resourceDirectory C:\Users\Admin\Automation TTS 8-00\Selenium_Learning\src\main\resources
2026-06-13 18:37:57,559 [Worker-63: Building] INFO  o.a.m.s.f.DefaultMavenResourcesFiltering - skip non existing resourceDirectory C:\Users\Admin\Automation TTS 8-00\Selenium_Learning\src\test\resources
2026-06-13 18:38:20,500 [Worker-59: Building] INFO  o.a.m.s.f.DefaultMavenResourcesFiltering - skip non existing resourceDirectory C:\Users\Admin\Automation TTS 8-00\Selenium_Learning\src\main\resources
2026-06-13 18:38:20,502 [Worker-59: Building] INFO  o.a.m.s.f.DefaultMavenResourcesFiltering - skip non existing resourceDirectory C:\Users\Admin\Automation TTS 8-00\Selenium_Learning\src\test\resources
2026-06-13 18:38:37,546 [Worker-62: Building] INFO  o.a.m.s.f.DefaultMavenResourcesFiltering - skip non existing resourceDirectory C:\Users\Admin\Automation TTS 8-00\Selenium_Learning\src\main\resources
2026-06-13 18:38:37,548 [Worker-62: Building] INFO  o.a.m.s.f.DefaultMavenResourcesFiltering - skip non existing resourceDirectory C:\Users\Admin\Automation TTS 8-00\Selenium_Learning\src\test\resources
2026-06-13 18:38:57,048 [Worker-59: Building] INFO  o.a.m.s.f.DefaultMavenResourcesFiltering - skip non existing resourceDirectory C:\Users\Admin\Automation TTS 8-00\Selenium_Learning\src\main\resources
2026-06-13 18:38:57,050 [Worker-59: Building] INFO  o.a.m.s.f.DefaultMavenResourcesFiltering - skip non existing resourceDirectory C:\Users\Admin\Automation TTS 8-00\Selenium_Learning\src\test\resources
2026-06-13 18:44:24,671 [Worker-65: Building] INFO  o.a.m.s.f.DefaultMavenResourcesFiltering - skip non existing resourceDirectory C:\Users\Admin\Automation TTS 8-00\Selenium_Learning\src\main\resources
2026-06-13 18:44:24,673 [Worker-65: Building] INFO  o.a.m.s.f.DefaultMavenResourcesFiltering - skip non existing resourceDirectory C:\Users\Admin\Automation TTS 8-00\Selenium_Learning\src\test\resources
2026-06-13 18:44:25,738 [Worker-63: Building] INFO  o.a.m.s.f.DefaultMavenResourcesFiltering - skip non existing resourceDirectory C:\Users\Admin\Automation TTS 8-00\Selenium_Learning\src\main\resources
2026-06-13 18:44:25,740 [Worker-63: Building] INFO  o.a.m.s.f.DefaultMavenResourcesFiltering - skip non existing resourceDirectory C:\Users\Admin\Automation TTS 8-00\Selenium_Learning\src\test\resources
2026-06-13 18:47:56,257 [Worker-66: Building] INFO  o.a.m.s.f.DefaultMavenResourcesFiltering - skip non existing resourceDirectory C:\Users\Admin\Automation TTS 8-00\Selenium_Learning\src\main\resources
2026-06-13 18:47:56,261 [Worker-66: Building] INFO  o.a.m.s.f.DefaultMavenResourcesFiltering - skip non existing resourceDirectory C:\Users\Admin\Automation TTS 8-00\Selenium_Learning\src\test\resources
2026-06-13 18:48:02,485 [Worker-66: Building] INFO  o.a.m.s.f.DefaultMavenResourcesFiltering - skip non existing resourceDirectory C:\Users\Admin\Automation TTS 8-00\Selenium_Learning\src\main\resources
2026-06-13 18:48:02,487 [Worker-66: Building] INFO  o.a.m.s.f.DefaultMavenResourcesFiltering - skip non existing resourceDirectory C:\Users\Admin\Automation TTS 8-00\Selenium_Learning\src\test\resources
2026-06-13 18:48:03,546 [Worker-69: Building] INFO  o.a.m.s.f.DefaultMavenResourcesFiltering - skip non existing resourceDirectory C:\Users\Admin\Automation TTS 8-00\Selenium_Learning\src\main\resources
2026-06-13 18:48:03,549 [Worker-69: Building] INFO  o.a.m.s.f.DefaultMavenResourcesFiltering - skip non existing resourceDirectory C:\Users\Admin\Automation TTS 8-00\Selenium_Learning\src\test\resources
2026-06-13 18:48:42,345 [Worker-66: Building] INFO  o.a.m.s.f.DefaultMavenResourcesFiltering - skip non existing resourceDirectory C:\Users\Admin\Automation TTS 8-00\Selenium_Learning\src\main\resources
2026-06-13 18:48:42,349 [Worker-66: Building] INFO  o.a.m.s.f.DefaultMavenResourcesFiltering - skip non existing resourceDirectory C:\Users\Admin\Automation TTS 8-00\Selenium_Learning\src\test\resources
2026-06-13 18:49:13,292 [Worker-70: Building] INFO  o.a.m.s.f.DefaultMavenResourcesFiltering - skip non existing resourceDirectory C:\Users\Admin\Automation TTS 8-00\Selenium_Learning\src\main\resources
2026-06-13 18:49:13,295 [Worker-70: Building] INFO  o.a.m.s.f.DefaultMavenResourcesFiltering - skip non existing resourceDirectory C:\Users\Admin\Automation TTS 8-00\Selenium_Learning\src\test\resources
2026-06-13 18:49:54,521 [Worker-63: Building] INFO  o.a.m.s.f.DefaultMavenResourcesFiltering - skip non existing resourceDirectory C:\Users\Admin\Automation TTS 8-00\Selenium_Learning\src\main\resources
2026-06-13 18:49:54,523 [Worker-63: Building] INFO  o.a.m.s.f.DefaultMavenResourcesFiltering - skip non existing resourceDirectory C:\Users\Admin\Automation TTS 8-00\Selenium_Learning\src\test\resources
2026-06-13 18:50:22,939 [Worker-71: Building] INFO  o.a.m.s.f.DefaultMavenResourcesFiltering - skip non existing resourceDirectory C:\Users\Admin\Automation TTS 8-00\Selenium_Learning\src\main\resources
2026-06-13 18:50:22,940 [Worker-71: Building] INFO  o.a.m.s.f.DefaultMavenResourcesFiltering - skip non existing resourceDirectory C:\Users\Admin\Automation TTS 8-00\Selenium_Learning\src\test\resources
2026-06-13 18:50:24,002 [Worker-63: Building] INFO  o.a.m.s.f.DefaultMavenResourcesFiltering - skip non existing resourceDirectory C:\Users\Admin\Automation TTS 8-00\Selenium_Learning\src\main\resources
2026-06-13 18:50:24,004 [Worker-63: Building] INFO  o.a.m.s.f.DefaultMavenResourcesFiltering - skip non existing resourceDirectory C:\Users\Admin\Automation TTS 8-00\Selenium_Learning\src\test\resources
2026-06-13 18:52:14,886 [Worker-66: Building] INFO  o.a.m.s.f.DefaultMavenResourcesFiltering - skip non existing resourceDirectory C:\Users\Admin\Automation TTS 8-00\Selenium_Learning\src\main\resources
2026-06-13 18:52:14,888 [Worker-66: Building] INFO  o.a.m.s.f.DefaultMavenResourcesFiltering - skip non existing resourceDirectory C:\Users\Admin\Automation TTS 8-00\Selenium_Learning\src\test\resources
2026-06-13 18:53:05,673 [Worker-69: Building] INFO  o.a.m.s.f.DefaultMavenResourcesFiltering - skip non existing resourceDirectory C:\Users\Admin\Automation TTS 8-00\Selenium_Learning\src\main\resources
2026-06-13 18:53:05,675 [Worker-69: Building] INFO  o.a.m.s.f.DefaultMavenResourcesFiltering - skip non existing resourceDirectory C:\Users\Admin\Automation TTS 8-00\Selenium_Learning\src\test\resources
2026-06-13 18:53:59,134 [Worker-68: Building] INFO  o.a.m.s.f.DefaultMavenResourcesFiltering - skip non existing resourceDirectory C:\Users\Admin\Automation TTS 8-00\Selenium_Learning\src\main\resources
2026-06-13 18:53:59,137 [Worker-68: Building] INFO  o.a.m.s.f.DefaultMavenResourcesFiltering - skip non existing resourceDirectory C:\Users\Admin\Automation TTS 8-00\Selenium_Learning\src\test\resources
2026-06-20 17:35:59,340 [Worker-4: Loading available Gradle versions] INFO  o.e.b.c.i.u.g.PublishedGradleVersions - Gradle version information cache is out-of-date. Trying to update.
2026-06-20 17:41:54,823 [Worker-33: Building] INFO  o.a.m.s.f.DefaultMavenResourcesFiltering - skip non existing resourceDirectory C:\Users\Admin\Automation TTS 8-00\Selenium_Learning\src\main\resources
2026-06-20 17:41:54,830 [Worker-33: Building] INFO  o.a.m.s.f.DefaultMavenResourcesFiltering - skip non existing resourceDirectory C:\Users\Admin\Automation TTS 8-00\Selenium_Learning\src\test\resources
2026-06-20 17:43:09,651 [Worker-29: Building] INFO  o.a.m.s.f.DefaultMavenResourcesFiltering - skip non existing resourceDirectory C:\Users\Admin\Automation TTS 8-00\Selenium_Learning\src\main\resources
2026-06-20 17:43:09,656 [Worker-29: Building] INFO  o.a.m.s.f.DefaultMavenResourcesFiltering - skip non existing resourceDirectory C:\Users\Admin\Automation TTS 8-00\Selenium_Learning\src\test\resources
2026-06-20 17:50:03,029 [Worker-39: Building] INFO  o.a.m.s.f.DefaultMavenResourcesFiltering - skip non existing resourceDirectory C:\Users\Admin\Automation TTS 8-00\Selenium_Learning\src\main\resources
2026-06-20 17:50:03,034 [Worker-39: Building] INFO  o.a.m.s.f.DefaultMavenResourcesFiltering - skip non existing resourceDirectory C:\Users\Admin\Automation TTS 8-00\Selenium_Learning\src\test\resources
2026-06-20 17:51:51,610 [Worker-42: Building] INFO  o.a.m.s.f.DefaultMavenResourcesFiltering - skip non existing resourceDirectory C:\Users\Admin\Automation TTS 8-00\Selenium_Learning\src\main\resources
2026-06-20 17:51:51,613 [Worker-42: Building] INFO  o.a.m.s.f.DefaultMavenResourcesFiltering - skip non existing resourceDirectory C:\Users\Admin\Automation TTS 8-00\Selenium_Learning\src\test\resources
2026-06-20 17:55:40,144 [Worker-45: Building] INFO  o.a.m.s.f.DefaultMavenResourcesFiltering - skip non existing resourceDirectory C:\Users\Admin\Automation TTS 8-00\Selenium_Learning\src\main\resources
2026-06-20 17:55:40,146 [Worker-45: Building] INFO  o.a.m.s.f.DefaultMavenResourcesFiltering - skip non existing resourceDirectory C:\Users\Admin\Automation TTS 8-00\Selenium_Learning\src\test\resources
2026-06-20 18:00:19,100 [Worker-50: Building] INFO  o.a.m.s.f.DefaultMavenResourcesFiltering - skip non existing resourceDirectory C:\Users\Admin\Automation TTS 8-00\Selenium_Learning\src\main\resources
2026-06-20 18:00:19,104 [Worker-50: Building] INFO  o.a.m.s.f.DefaultMavenResourcesFiltering - skip non existing resourceDirectory C:\Users\Admin\Automation TTS 8-00\Selenium_Learning\src\test\resources
2026-06-20 18:01:15,497 [Worker-50: Building] INFO  o.a.m.s.f.DefaultMavenResourcesFiltering - skip non existing resourceDirectory C:\Users\Admin\Automation TTS 8-00\Selenium_Learning\src\main\resources
2026-06-20 18:01:15,506 [Worker-50: Building] INFO  o.a.m.s.f.DefaultMavenResourcesFiltering - skip non existing resourceDirectory C:\Users\Admin\Automation TTS 8-00\Selenium_Learning\src\test\resources
2026-06-20 18:05:50,185 [Worker-50: Building] INFO  o.a.m.s.f.DefaultMavenResourcesFiltering - skip non existing resourceDirectory C:\Users\Admin\Automation TTS 8-00\Selenium_Learning\src\main\resources
2026-06-20 18:05:50,187 [Worker-50: Building] INFO  o.a.m.s.f.DefaultMavenResourcesFiltering - skip non existing resourceDirectory C:\Users\Admin\Automation TTS 8-00\Selenium_Learning\src\test\resources
2026-06-20 18:05:51,850 [Worker-56: Building] INFO  o.a.m.s.f.DefaultMavenResourcesFiltering - skip non existing resourceDirectory C:\Users\Admin\Automation TTS 8-00\Selenium_Learning\src\main\resources
2026-06-20 18:05:51,852 [Worker-56: Building] INFO  o.a.m.s.f.DefaultMavenResourcesFiltering - skip non existing resourceDirectory C:\Users\Admin\Automation TTS 8-00\Selenium_Learning\src\test\resources
2026-06-20 18:06:47,410 [Worker-55: Building] INFO  o.a.m.s.f.DefaultMavenResourcesFiltering - skip non existing resourceDirectory C:\Users\Admin\Automation TTS 8-00\Selenium_Learning\src\main\resources
2026-06-20 18:06:47,414 [Worker-55: Building] INFO  o.a.m.s.f.DefaultMavenResourcesFiltering - skip non existing resourceDirectory C:\Users\Admin\Automation TTS 8-00\Selenium_Learning\src\test\resources
2026-06-20 18:06:51,661 [Worker-57: Building] INFO  o.a.m.s.f.DefaultMavenResourcesFiltering - skip non existing resourceDirectory C:\Users\Admin\Automation TTS 8-00\Selenium_Learning\src\main\resources
2026-06-20 18:06:51,664 [Worker-57: Building] INFO  o.a.m.s.f.DefaultMavenResourcesFiltering - skip non existing resourceDirectory C:\Users\Admin\Automation TTS 8-00\Selenium_Learning\src\test\resources
2026-06-20 18:08:17,167 [Worker-58: Building] INFO  o.a.m.s.f.DefaultMavenResourcesFiltering - skip non existing resourceDirectory C:\Users\Admin\Automation TTS 8-00\Selenium_Learning\src\main\resources
2026-06-20 18:08:17,171 [Worker-58: Building] INFO  o.a.m.s.f.DefaultMavenResourcesFiltering - skip non existing resourceDirectory C:\Users\Admin\Automation TTS 8-00\Selenium_Learning\src\test\resources
2026-06-20 18:08:20,709 [Worker-57: Building] INFO  o.a.m.s.f.DefaultMavenResourcesFiltering - skip non existing resourceDirectory C:\Users\Admin\Automation TTS 8-00\Selenium_Learning\src\main\resources
2026-06-20 18:08:20,712 [Worker-57: Building] INFO  o.a.m.s.f.DefaultMavenResourcesFiltering - skip non existing resourceDirectory C:\Users\Admin\Automation TTS 8-00\Selenium_Learning\src\test\resources
2026-06-20 18:08:41,867 [Worker-58: Building] INFO  o.a.m.s.f.DefaultMavenResourcesFiltering - skip non existing resourceDirectory C:\Users\Admin\Automation TTS 8-00\Selenium_Learning\src\main\resources
2026-06-20 18:08:41,870 [Worker-58: Building] INFO  o.a.m.s.f.DefaultMavenResourcesFiltering - skip non existing resourceDirectory C:\Users\Admin\Automation TTS 8-00\Selenium_Learning\src\test\resources
2026-06-20 18:09:10,172 [Worker-57: Building] INFO  o.a.m.s.f.DefaultMavenResourcesFiltering - skip non existing resourceDirectory C:\Users\Admin\Automation TTS 8-00\Selenium_Learning\src\main\resources
2026-06-20 18:09:10,174 [Worker-57: Building] INFO  o.a.m.s.f.DefaultMavenResourcesFiltering - skip non existing resourceDirectory C:\Users\Admin\Automation TTS 8-00\Selenium_Learning\src\test\resources
2026-06-20 18:09:30,363 [Worker-58: Building] INFO  o.a.m.s.f.DefaultMavenResourcesFiltering - skip non existing resourceDirectory C:\Users\Admin\Automation TTS 8-00\Selenium_Learning\src\main\resources
2026-06-20 18:09:30,364 [Worker-58: Building] INFO  o.a.m.s.f.DefaultMavenResourcesFiltering - skip non existing resourceDirectory C:\Users\Admin\Automation TTS 8-00\Selenium_Learning\src\test\resources
2026-06-20 18:09:39,060 [Worker-57: Building] INFO  o.a.m.s.f.DefaultMavenResourcesFiltering - skip non existing resourceDirectory C:\Users\Admin\Automation TTS 8-00\Selenium_Learning\src\main\resources
2026-06-20 18:09:39,062 [Worker-57: Building] INFO  o.a.m.s.f.DefaultMavenResourcesFiltering - skip non existing resourceDirectory C:\Users\Admin\Automation TTS 8-00\Selenium_Learning\src\test\resources
2026-06-20 18:10:18,372 [Worker-61: Building] INFO  o.a.m.s.f.DefaultMavenResourcesFiltering - skip non existing resourceDirectory C:\Users\Admin\Automation TTS 8-00\Selenium_Learning\src\main\resources
2026-06-20 18:10:18,376 [Worker-61: Building] INFO  o.a.m.s.f.DefaultMavenResourcesFiltering - skip non existing resourceDirectory C:\Users\Admin\Automation TTS 8-00\Selenium_Learning\src\test\resources
2026-06-20 18:10:27,847 [Worker-62: Building] INFO  o.a.m.s.f.DefaultMavenResourcesFiltering - skip non existing resourceDirectory C:\Users\Admin\Automation TTS 8-00\Selenium_Learning\src\main\resources
2026-06-20 18:10:27,850 [Worker-62: Building] INFO  o.a.m.s.f.DefaultMavenResourcesFiltering - skip non existing resourceDirectory C:\Users\Admin\Automation TTS 8-00\Selenium_Learning\src\test\resources
2026-06-20 18:10:39,920 [Worker-57: Building] INFO  o.a.m.s.f.DefaultMavenResourcesFiltering - skip non existing resourceDirectory C:\Users\Admin\Automation TTS 8-00\Selenium_Learning\src\main\resources
2026-06-20 18:10:39,923 [Worker-57: Building] INFO  o.a.m.s.f.DefaultMavenResourcesFiltering - skip non existing resourceDirectory C:\Users\Admin\Automation TTS 8-00\Selenium_Learning\src\test\resources
2026-06-20 18:10:49,192 [Worker-58: Building] INFO  o.a.m.s.f.DefaultMavenResourcesFiltering - skip non existing resourceDirectory C:\Users\Admin\Automation TTS 8-00\Selenium_Learning\src\main\resources
2026-06-20 18:10:49,194 [Worker-58: Building] INFO  o.a.m.s.f.DefaultMavenResourcesFiltering - skip non existing resourceDirectory C:\Users\Admin\Automation TTS 8-00\Selenium_Learning\src\test\resources
2026-06-20 18:13:05,315 [Worker-55: Building] INFO  o.a.m.s.f.DefaultMavenResourcesFiltering - skip non existing resourceDirectory C:\Users\Admin\Automation TTS 8-00\Selenium_Learning\src\main\resources
2026-06-20 18:13:05,318 [Worker-55: Building] INFO  o.a.m.s.f.DefaultMavenResourcesFiltering - skip non existing resourceDirectory C:\Users\Admin\Automation TTS 8-00\Selenium_Learning\src\test\resources
2026-06-20 18:13:06,356 [Worker-62: Building] INFO  o.a.m.s.f.DefaultMavenResourcesFiltering - skip non existing resourceDirectory C:\Users\Admin\Automation TTS 8-00\Selenium_Learning\src\main\resources
2026-06-20 18:13:06,357 [Worker-62: Building] INFO  o.a.m.s.f.DefaultMavenResourcesFiltering - skip non existing resourceDirectory C:\Users\Admin\Automation TTS 8-00\Selenium_Learning\src\test\resources
2026-06-20 18:13:21,064 [Worker-60: Building] INFO  o.a.m.s.f.DefaultMavenResourcesFiltering - skip non existing resourceDirectory C:\Users\Admin\Automation TTS 8-00\Selenium_Learning\src\main\resources
2026-06-20 18:13:21,067 [Worker-60: Building] INFO  o.a.m.s.f.DefaultMavenResourcesFiltering - skip non existing resourceDirectory C:\Users\Admin\Automation TTS 8-00\Selenium_Learning\src\test\resources
2026-06-20 18:15:39,894 [Worker-64: Building] INFO  o.a.m.s.f.DefaultMavenResourcesFiltering - skip non existing resourceDirectory C:\Users\Admin\Automation TTS 8-00\Selenium_Learning\src\main\resources
2026-06-20 18:15:39,896 [Worker-64: Building] INFO  o.a.m.s.f.DefaultMavenResourcesFiltering - skip non existing resourceDirectory C:\Users\Admin\Automation TTS 8-00\Selenium_Learning\src\test\resources
2026-06-20 18:15:50,631 [Worker-58: Building] INFO  o.a.m.s.f.DefaultMavenResourcesFiltering - skip non existing resourceDirectory C:\Users\Admin\Automation TTS 8-00\Selenium_Learning\src\main\resources
2026-06-20 18:15:50,633 [Worker-58: Building] INFO  o.a.m.s.f.DefaultMavenResourcesFiltering - skip non existing resourceDirectory C:\Users\Admin\Automation TTS 8-00\Selenium_Learning\src\test\resources
2026-06-20 18:15:56,872 [Worker-66: Building] INFO  o.a.m.s.f.DefaultMavenResourcesFiltering - skip non existing resourceDirectory C:\Users\Admin\Automation TTS 8-00\Selenium_Learning\src\main\resources
2026-06-20 18:15:56,874 [Worker-66: Building] INFO  o.a.m.s.f.DefaultMavenResourcesFiltering - skip non existing resourceDirectory C:\Users\Admin\Automation TTS 8-00\Selenium_Learning\src\test\resources
2026-06-20 18:16:08,838 [Worker-67: Building] INFO  o.a.m.s.f.DefaultMavenResourcesFiltering - skip non existing resourceDirectory C:\Users\Admin\Automation TTS 8-00\Selenium_Learning\src\main\resources
2026-06-20 18:16:08,840 [Worker-67: Building] INFO  o.a.m.s.f.DefaultMavenResourcesFiltering - skip non existing resourceDirectory C:\Users\Admin\Automation TTS 8-00\Selenium_Learning\src\test\resources
2026-06-20 18:17:33,131 [Worker-66: Building] INFO  o.a.m.s.f.DefaultMavenResourcesFiltering - skip non existing resourceDirectory C:\Users\Admin\Automation TTS 8-00\Selenium_Learning\src\main\resources
2026-06-20 18:17:33,133 [Worker-66: Building] INFO  o.a.m.s.f.DefaultMavenResourcesFiltering - skip non existing resourceDirectory C:\Users\Admin\Automation TTS 8-00\Selenium_Learning\src\test\resources
2026-06-20 18:17:45,243 [Worker-67: Building] INFO  o.a.m.s.f.DefaultMavenResourcesFiltering - skip non existing resourceDirectory C:\Users\Admin\Automation TTS 8-00\Selenium_Learning\src\main\resources
2026-06-20 18:17:45,245 [Worker-67: Building] INFO  o.a.m.s.f.DefaultMavenResourcesFiltering - skip non existing resourceDirectory C:\Users\Admin\Automation TTS 8-00\Selenium_Learning\src\test\resources
2026-06-20 18:17:46,284 [Worker-65: Building] INFO  o.a.m.s.f.DefaultMavenResourcesFiltering - skip non existing resourceDirectory C:\Users\Admin\Automation TTS 8-00\Selenium_Learning\src\main\resources
2026-06-20 18:17:46,285 [Worker-65: Building] INFO  o.a.m.s.f.DefaultMavenResourcesFiltering - skip non existing resourceDirectory C:\Users\Admin\Automation TTS 8-00\Selenium_Learning\src\test\resources
2026-06-20 18:18:02,701 [Worker-66: Building] INFO  o.a.m.s.f.DefaultMavenResourcesFiltering - skip non existing resourceDirectory C:\Users\Admin\Automation TTS 8-00\Selenium_Learning\src\main\resources
2026-06-20 18:18:02,703 [Worker-66: Building] INFO  o.a.m.s.f.DefaultMavenResourcesFiltering - skip non existing resourceDirectory C:\Users\Admin\Automation TTS 8-00\Selenium_Learning\src\test\resources
2026-06-20 18:18:42,251 [Worker-65: Building] INFO  o.a.m.s.f.DefaultMavenResourcesFiltering - skip non existing resourceDirectory C:\Users\Admin\Automation TTS 8-00\Selenium_Learning\src\main\resources
2026-06-20 18:18:42,254 [Worker-65: Building] INFO  o.a.m.s.f.DefaultMavenResourcesFiltering - skip non existing resourceDirectory C:\Users\Admin\Automation TTS 8-00\Selenium_Learning\src\test\resources
2026-06-20 18:19:20,718 [Worker-63: Building] INFO  o.a.m.s.f.DefaultMavenResourcesFiltering - skip non existing resourceDirectory C:\Users\Admin\Automation TTS 8-00\Selenium_Learning\src\main\resources
2026-06-20 18:19:20,720 [Worker-63: Building] INFO  o.a.m.s.f.DefaultMavenResourcesFiltering - skip non existing resourceDirectory C:\Users\Admin\Automation TTS 8-00\Selenium_Learning\src\test\resources
2026-06-20 18:19:37,892 [Worker-58: Building] INFO  o.a.m.s.f.DefaultMavenResourcesFiltering - skip non existing resourceDirectory C:\Users\Admin\Automation TTS 8-00\Selenium_Learning\src\main\resources
2026-06-20 18:19:37,894 [Worker-58: Building] INFO  o.a.m.s.f.DefaultMavenResourcesFiltering - skip non existing resourceDirectory C:\Users\Admin\Automation TTS 8-00\Selenium_Learning\src\test\resources
2026-06-20 18:19:38,975 [Worker-66: Building] INFO  o.a.m.s.f.DefaultMavenResourcesFiltering - skip non existing resourceDirectory C:\Users\Admin\Automation TTS 8-00\Selenium_Learning\src\main\resources
2026-06-20 18:19:38,976 [Worker-66: Building] INFO  o.a.m.s.f.DefaultMavenResourcesFiltering - skip non existing resourceDirectory C:\Users\Admin\Automation TTS 8-00\Selenium_Learning\src\test\resources
2026-06-20 18:20:55,758 [Worker-68: Building] INFO  o.a.m.s.f.DefaultMavenResourcesFiltering - skip non existing resourceDirectory C:\Users\Admin\Automation TTS 8-00\Selenium_Learning\src\main\resources
2026-06-20 18:20:55,759 [Worker-68: Building] INFO  o.a.m.s.f.DefaultMavenResourcesFiltering - skip non existing resourceDirectory C:\Users\Admin\Automation TTS 8-00\Selenium_Learning\src\test\resources
2026-06-20 18:22:08,785 [Worker-66: Building] INFO  o.a.m.s.f.DefaultMavenResourcesFiltering - skip non existing resourceDirectory C:\Users\Admin\Automation TTS 8-00\Selenium_Learning\src\main\resources
2026-06-20 18:22:08,787 [Worker-66: Building] INFO  o.a.m.s.f.DefaultMavenResourcesFiltering - skip non existing resourceDirectory C:\Users\Admin\Automation TTS 8-00\Selenium_Learning\src\test\resources
2026-06-20 18:22:18,159 [Worker-66: Building] INFO  o.a.m.s.f.DefaultMavenResourcesFiltering - skip non existing resourceDirectory C:\Users\Admin\Automation TTS 8-00\Selenium_Learning\src\main\resources
2026-06-20 18:22:18,161 [Worker-66: Building] INFO  o.a.m.s.f.DefaultMavenResourcesFiltering - skip non existing resourceDirectory C:\Users\Admin\Automation TTS 8-00\Selenium_Learning\src\test\resources
2026-06-20 18:22:55,441 [Worker-70: Building] INFO  o.a.m.s.f.DefaultMavenResourcesFiltering - skip non existing resourceDirectory C:\Users\Admin\Automation TTS 8-00\Selenium_Learning\src\main\resources
2026-06-20 18:22:55,443 [Worker-70: Building] INFO  o.a.m.s.f.DefaultMavenResourcesFiltering - skip non existing resourceDirectory C:\Users\Admin\Automation TTS 8-00\Selenium_Learning\src\test\resources
2026-06-20 18:24:05,710 [Worker-67: Building] INFO  o.a.m.s.f.DefaultMavenResourcesFiltering - skip non existing resourceDirectory C:\Users\Admin\Automation TTS 8-00\Selenium_Learning\src\main\resources
2026-06-20 18:24:05,712 [Worker-67: Building] INFO  o.a.m.s.f.DefaultMavenResourcesFiltering - skip non existing resourceDirectory C:\Users\Admin\Automation TTS 8-00\Selenium_Learning\src\test\resources
2026-06-20 18:24:06,747 [Worker-70: Building] INFO  o.a.m.s.f.DefaultMavenResourcesFiltering - skip non existing resourceDirectory C:\Users\Admin\Automation TTS 8-00\Selenium_Learning\src\main\resources
2026-06-20 18:24:06,749 [Worker-70: Building] INFO  o.a.m.s.f.DefaultMavenResourcesFiltering - skip non existing resourceDirectory C:\Users\Admin\Automation TTS 8-00\Selenium_Learning\src\test\resources
2026-06-20 18:28:28,390 [Worker-69: Building] INFO  o.a.m.s.f.DefaultMavenResourcesFiltering - skip non existing resourceDirectory C:\Users\Admin\Automation TTS 8-00\Selenium_Learning\src\main\resources
2026-06-20 18:28:28,392 [Worker-69: Building] INFO  o.a.m.s.f.DefaultMavenResourcesFiltering - skip non existing resourceDirectory C:\Users\Admin\Automation TTS 8-00\Selenium_Learning\src\test\resources
2026-06-20 18:28:43,765 [Worker-73: Building] INFO  o.a.m.s.f.DefaultMavenResourcesFiltering - skip non existing resourceDirectory C:\Users\Admin\Automation TTS 8-00\Selenium_Learning\src\main\resources
2026-06-20 18:28:43,769 [Worker-73: Building] INFO  o.a.m.s.f.DefaultMavenResourcesFiltering - skip non existing resourceDirectory C:\Users\Admin\Automation TTS 8-00\Selenium_Learning\src\test\resources
2026-06-20 18:28:47,644 [Worker-70: Building] INFO  o.a.m.s.f.DefaultMavenResourcesFiltering - skip non existing resourceDirectory C:\Users\Admin\Automation TTS 8-00\Selenium_Learning\src\main\resources
2026-06-20 18:28:47,646 [Worker-70: Building] INFO  o.a.m.s.f.DefaultMavenResourcesFiltering - skip non existing resourceDirectory C:\Users\Admin\Automation TTS 8-00\Selenium_Learning\src\test\resources
2026-06-20 18:28:58,435 [Worker-74: Building] INFO  o.a.m.s.f.DefaultMavenResourcesFiltering - skip non existing resourceDirectory C:\Users\Admin\Automation TTS 8-00\Selenium_Learning\src\main\resources
2026-06-20 18:28:58,436 [Worker-74: Building] INFO  o.a.m.s.f.DefaultMavenResourcesFiltering - skip non existing resourceDirectory C:\Users\Admin\Automation TTS 8-00\Selenium_Learning\src\test\resources
2026-06-20 18:29:00,206 [Worker-74: Building] INFO  o.a.m.s.f.DefaultMavenResourcesFiltering - skip non existing resourceDirectory C:\Users\Admin\Automation TTS 8-00\Selenium_Learning\src\main\resources
2026-06-20 18:29:00,208 [Worker-74: Building] INFO  o.a.m.s.f.DefaultMavenResourcesFiltering - skip non existing resourceDirectory C:\Users\Admin\Automation TTS 8-00\Selenium_Learning\src\test\resources
2026-06-20 18:29:02,294 [Worker-70: Building] INFO  o.a.m.s.f.DefaultMavenResourcesFiltering - skip non existing resourceDirectory C:\Users\Admin\Automation TTS 8-00\Selenium_Learning\src\main\resources
2026-06-20 18:29:02,296 [Worker-70: Building] INFO  o.a.m.s.f.DefaultMavenResourcesFiltering - skip non existing resourceDirectory C:\Users\Admin\Automation TTS 8-00\Selenium_Learning\src\test\resources
2026-06-20 18:29:03,465 [Worker-73: Building] INFO  o.a.m.s.f.DefaultMavenResourcesFiltering - skip non existing resourceDirectory C:\Users\Admin\Automation TTS 8-00\Selenium_Learning\src\main\resources
2026-06-20 18:29:03,466 [Worker-73: Building] INFO  o.a.m.s.f.DefaultMavenResourcesFiltering - skip non existing resourceDirectory C:\Users\Admin\Automation TTS 8-00\Selenium_Learning\src\test\resources
2026-06-20 18:40:25,522 [Worker-79: Building] INFO  o.a.m.s.f.DefaultMavenResourcesFiltering - skip non existing resourceDirectory C:\Users\Admin\Automation TTS 8-00\Selenium_Learning\src\main\resources
2026-06-20 18:40:25,523 [Worker-79: Building] INFO  o.a.m.s.f.DefaultMavenResourcesFiltering - skip non existing resourceDirectory C:\Users\Admin\Automation TTS 8-00\Selenium_Learning\src\test\resources
2026-06-20 18:40:42,286 [Worker-77: Building] INFO  o.a.m.s.f.DefaultMavenResourcesFiltering - skip non existing resourceDirectory C:\Users\Admin\Automation TTS 8-00\Selenium_Learning\src\main\resources
2026-06-20 18:40:42,288 [Worker-77: Building] INFO  o.a.m.s.f.DefaultMavenResourcesFiltering - skip non existing resourceDirectory C:\Users\Admin\Automation TTS 8-00\Selenium_Learning\src\test\resources
2026-06-20 18:40:50,176 [Worker-78: Building] INFO  o.a.m.s.f.DefaultMavenResourcesFiltering - skip non existing resourceDirectory C:\Users\Admin\Automation TTS 8-00\Selenium_Learning\src\main\resources
2026-06-20 18:40:50,177 [Worker-78: Building] INFO  o.a.m.s.f.DefaultMavenResourcesFiltering - skip non existing resourceDirectory C:\Users\Admin\Automation TTS 8-00\Selenium_Learning\src\test\resources
2026-06-20 18:41:30,176 [Worker-77: Building] INFO  o.a.m.s.f.DefaultMavenResourcesFiltering - skip non existing resourceDirectory C:\Users\Admin\Automation TTS 8-00\Selenium_Learning\src\main\resources
2026-06-20 18:41:30,178 [Worker-77: Building] INFO  o.a.m.s.f.DefaultMavenResourcesFiltering - skip non existing resourceDirectory C:\Users\Admin\Automation TTS 8-00\Selenium_Learning\src\test\resources
2026-06-20 18:41:50,100 [Worker-76: Building] INFO  o.a.m.s.f.DefaultMavenResourcesFiltering - skip non existing resourceDirectory C:\Users\Admin\Automation TTS 8-00\Selenium_Learning\src\main\resources
2026-06-20 18:41:50,103 [Worker-76: Building] INFO  o.a.m.s.f.DefaultMavenResourcesFiltering - skip non existing resourceDirectory C:\Users\Admin\Automation TTS 8-00\Selenium_Learning\src\test\resources
2026-06-20 18:42:09,166 [Worker-78: Building] INFO  o.a.m.s.f.DefaultMavenResourcesFiltering - skip non existing resourceDirectory C:\Users\Admin\Automation TTS 8-00\Selenium_Learning\src\main\resources
2026-06-20 18:42:09,169 [Worker-78: Building] INFO  o.a.m.s.f.DefaultMavenResourcesFiltering - skip non existing resourceDirectory C:\Users\Admin\Automation TTS 8-00\Selenium_Learning\src\test\resources
2026-06-20 18:44:15,783 [Worker-81: Building] INFO  o.a.m.s.f.DefaultMavenResourcesFiltering - skip non existing resourceDirectory C:\Users\Admin\Automation TTS 8-00\Selenium_Learning\src\main\resources
2026-06-20 18:44:15,785 [Worker-81: Building] INFO  o.a.m.s.f.DefaultMavenResourcesFiltering - skip non existing resourceDirectory C:\Users\Admin\Automation TTS 8-00\Selenium_Learning\src\test\resources
2026-06-20 18:44:35,045 [Worker-85: Building] INFO  o.a.m.s.f.DefaultMavenResourcesFiltering - skip non existing resourceDirectory C:\Users\Admin\Automation TTS 8-00\Selenium_Learning\src\main\resources
2026-06-20 18:44:35,047 [Worker-85: Building] INFO  o.a.m.s.f.DefaultMavenResourcesFiltering - skip non existing resourceDirectory C:\Users\Admin\Automation TTS 8-00\Selenium_Learning\src\test\resources
2026-06-20 18:44:36,138 [Worker-82: Building] INFO  o.a.m.s.f.DefaultMavenResourcesFiltering - skip non existing resourceDirectory C:\Users\Admin\Automation TTS 8-00\Selenium_Learning\src\main\resources
2026-06-20 18:44:36,140 [Worker-82: Building] INFO  o.a.m.s.f.DefaultMavenResourcesFiltering - skip non existing resourceDirectory C:\Users\Admin\Automation TTS 8-00\Selenium_Learning\src\test\resources
2026-06-20 18:45:12,018 [Worker-83: Building] INFO  o.a.m.s.f.DefaultMavenResourcesFiltering - skip non existing resourceDirectory C:\Users\Admin\Automation TTS 8-00\Selenium_Learning\src\main\resources
2026-06-20 18:45:12,020 [Worker-83: Building] INFO  o.a.m.s.f.DefaultMavenResourcesFiltering - skip non existing resourceDirectory C:\Users\Admin\Automation TTS 8-00\Selenium_Learning\src\test\resources
2026-06-20 18:45:52,012 [Worker-85: Building] INFO  o.a.m.s.f.DefaultMavenResourcesFiltering - skip non existing resourceDirectory C:\Users\Admin\Automation TTS 8-00\Selenium_Learning\src\main\resources
2026-06-20 18:45:52,014 [Worker-85: Building] INFO  o.a.m.s.f.DefaultMavenResourcesFiltering - skip non existing resourceDirectory C:\Users\Admin\Automation TTS 8-00\Selenium_Learning\src\test\resources
2026-06-20 18:46:00,756 [Worker-77: Building] INFO  o.a.m.s.f.DefaultMavenResourcesFiltering - skip non existing resourceDirectory C:\Users\Admin\Automation TTS 8-00\Selenium_Learning\src\main\resources
2026-06-20 18:46:00,758 [Worker-77: Building] INFO  o.a.m.s.f.DefaultMavenResourcesFiltering - skip non existing resourceDirectory C:\Users\Admin\Automation TTS 8-00\Selenium_Learning\src\test\resources
2026-06-20 18:46:15,080 [Worker-84: Building] INFO  o.a.m.s.f.DefaultMavenResourcesFiltering - skip non existing resourceDirectory C:\Users\Admin\Automation TTS 8-00\Selenium_Learning\src\main\resources
2026-06-20 18:46:15,082 [Worker-84: Building] INFO  o.a.m.s.f.DefaultMavenResourcesFiltering - skip non existing resourceDirectory C:\Users\Admin\Automation TTS 8-00\Selenium_Learning\src\test\resources
2026-06-20 18:46:54,721 [Worker-84: Building] INFO  o.a.m.s.f.DefaultMavenResourcesFiltering - skip non existing resourceDirectory C:\Users\Admin\Automation TTS 8-00\Selenium_Learning\src\main\resources
2026-06-20 18:46:54,722 [Worker-84: Building] INFO  o.a.m.s.f.DefaultMavenResourcesFiltering - skip non existing resourceDirectory C:\Users\Admin\Automation TTS 8-00\Selenium_Learning\src\test\resources
2026-06-20 18:47:04,229 [Worker-84: Building] INFO  o.a.m.s.f.DefaultMavenResourcesFiltering - skip non existing resourceDirectory C:\Users\Admin\Automation TTS 8-00\Selenium_Learning\src\main\resources
2026-06-20 18:47:04,232 [Worker-84: Building] INFO  o.a.m.s.f.DefaultMavenResourcesFiltering - skip non existing resourceDirectory C:\Users\Admin\Automation TTS 8-00\Selenium_Learning\src\test\resources
2026-06-20 18:47:08,842 [Worker-84: Building] INFO  o.a.m.s.f.DefaultMavenResourcesFiltering - skip non existing resourceDirectory C:\Users\Admin\Automation TTS 8-00\Selenium_Learning\src\main\resources
2026-06-20 18:47:08,844 [Worker-84: Building] INFO  o.a.m.s.f.DefaultMavenResourcesFiltering - skip non existing resourceDirectory C:\Users\Admin\Automation TTS 8-00\Selenium_Learning\src\test\resources
2026-06-20 18:47:56,213 [Worker-77: Building] INFO  o.a.m.s.f.DefaultMavenResourcesFiltering - skip non existing resourceDirectory C:\Users\Admin\Automation TTS 8-00\Selenium_Learning\src\main\resources
2026-06-20 18:47:56,216 [Worker-77: Building] INFO  o.a.m.s.f.DefaultMavenResourcesFiltering - skip non existing resourceDirectory C:\Users\Admin\Automation TTS 8-00\Selenium_Learning\src\test\resources
2026-06-20 18:48:25,119 [Worker-86: Building] INFO  o.a.m.s.f.DefaultMavenResourcesFiltering - skip non existing resourceDirectory C:\Users\Admin\Automation TTS 8-00\Selenium_Learning\src\main\resources
2026-06-20 18:48:25,120 [Worker-86: Building] INFO  o.a.m.s.f.DefaultMavenResourcesFiltering - skip non existing resourceDirectory C:\Users\Admin\Automation TTS 8-00\Selenium_Learning\src\test\resources
2026-06-20 18:49:02,808 [Worker-84: Building] INFO  o.a.m.s.f.DefaultMavenResourcesFiltering - skip non existing resourceDirectory C:\Users\Admin\Automation TTS 8-00\Selenium_Learning\src\main\resources
2026-06-20 18:49:02,810 [Worker-84: Building] INFO  o.a.m.s.f.DefaultMavenResourcesFiltering - skip non existing resourceDirectory C:\Users\Admin\Automation TTS 8-00\Selenium_Learning\src\test\resources
2026-06-20 18:49:15,526 [Worker-81: Building] INFO  o.a.m.s.f.DefaultMavenResourcesFiltering - skip non existing resourceDirectory C:\Users\Admin\Automation TTS 8-00\Selenium_Learning\src\main\resources
2026-06-20 18:49:15,528 [Worker-81: Building] INFO  o.a.m.s.f.DefaultMavenResourcesFiltering - skip non existing resourceDirectory C:\Users\Admin\Automation TTS 8-00\Selenium_Learning\src\test\resources
2026-06-20 18:49:16,576 [Worker-85: Building] INFO  o.a.m.s.f.DefaultMavenResourcesFiltering - skip non existing resourceDirectory C:\Users\Admin\Automation TTS 8-00\Selenium_Learning\src\main\resources
2026-06-20 18:49:16,578 [Worker-85: Building] INFO  o.a.m.s.f.DefaultMavenResourcesFiltering - skip non existing resourceDirectory C:\Users\Admin\Automation TTS 8-00\Selenium_Learning\src\test\resources
2026-06-20 18:49:29,862 [Worker-81: Building] INFO  o.a.m.s.f.DefaultMavenResourcesFiltering - skip non existing resourceDirectory C:\Users\Admin\Automation TTS 8-00\Selenium_Learning\src\main\resources
2026-06-20 18:49:29,864 [Worker-81: Building] INFO  o.a.m.s.f.DefaultMavenResourcesFiltering - skip non existing resourceDirectory C:\Users\Admin\Automation TTS 8-00\Selenium_Learning\src\test\resources
2026-06-20 18:49:32,083 [Worker-82: Launching P007_WebTable] INFO  o.a.m.s.f.DefaultMavenResourcesFiltering - skip non existing resourceDirectory C:\Users\Admin\Automation TTS 8-00\Selenium_Learning\src\main\resources
2026-06-20 18:49:32,086 [Worker-82: Launching P007_WebTable] INFO  o.a.m.s.f.DefaultMavenResourcesFiltering - skip non existing resourceDirectory C:\Users\Admin\Automation TTS 8-00\Selenium_Learning\src\test\resources
2026-06-20 18:51:11,380 [Worker-86: Building] INFO  o.a.m.s.f.DefaultMavenResourcesFiltering - skip non existing resourceDirectory C:\Users\Admin\Automation TTS 8-00\Selenium_Learning\src\main\resources
2026-06-20 18:51:11,382 [Worker-86: Building] INFO  o.a.m.s.f.DefaultMavenResourcesFiltering - skip non existing resourceDirectory C:\Users\Admin\Automation TTS 8-00\Selenium_Learning\src\test\resources
2026-06-20 18:51:17,977 [Worker-84: Building] INFO  o.a.m.s.f.DefaultMavenResourcesFiltering - skip non existing resourceDirectory C:\Users\Admin\Automation TTS 8-00\Selenium_Learning\src\main\resources
2026-06-20 18:51:17,979 [Worker-84: Building] INFO  o.a.m.s.f.DefaultMavenResourcesFiltering - skip non existing resourceDirectory C:\Users\Admin\Automation TTS 8-00\Selenium_Learning\src\test\resources
2026-06-20 18:51:47,498 [Worker-81: Building] INFO  o.a.m.s.f.DefaultMavenResourcesFiltering - skip non existing resourceDirectory C:\Users\Admin\Automation TTS 8-00\Selenium_Learning\src\main\resources
2026-06-20 18:51:47,500 [Worker-81: Building] INFO  o.a.m.s.f.DefaultMavenResourcesFiltering - skip non existing resourceDirectory C:\Users\Admin\Automation TTS 8-00\Selenium_Learning\src\test\resources
2026-06-20 18:51:48,534 [Worker-82: Building] INFO  o.a.m.s.f.DefaultMavenResourcesFiltering - skip non existing resourceDirectory C:\Users\Admin\Automation TTS 8-00\Selenium_Learning\src\main\resources
2026-06-20 18:51:48,536 [Worker-82: Building] INFO  o.a.m.s.f.DefaultMavenResourcesFiltering - skip non existing resourceDirectory C:\Users\Admin\Automation TTS 8-00\Selenium_Learning\src\test\resources
2026-06-20 18:51:51,090 [Worker-83: Building] INFO  o.a.m.s.f.DefaultMavenResourcesFiltering - skip non existing resourceDirectory C:\Users\Admin\Automation TTS 8-00\Selenium_Learning\src\main\resources
2026-06-20 18:51:51,092 [Worker-83: Building] INFO  o.a.m.s.f.DefaultMavenResourcesFiltering - skip non existing resourceDirectory C:\Users\Admin\Automation TTS 8-00\Selenium_Learning\src\test\resources
2026-06-20 18:52:25,823 [Worker-81: Building] INFO  o.a.m.s.f.DefaultMavenResourcesFiltering - skip non existing resourceDirectory C:\Users\Admin\Automation TTS 8-00\Selenium_Learning\src\main\resources
2026-06-20 18:52:25,824 [Worker-81: Building] INFO  o.a.m.s.f.DefaultMavenResourcesFiltering - skip non existing resourceDirectory C:\Users\Admin\Automation TTS 8-00\Selenium_Learning\src\test\resources
2026-06-20 18:54:38,017 [Worker-88: Building] INFO  o.a.m.s.f.DefaultMavenResourcesFiltering - skip non existing resourceDirectory C:\Users\Admin\Automation TTS 8-00\Selenium_Learning\src\main\resources
2026-06-20 18:54:38,018 [Worker-88: Building] INFO  o.a.m.s.f.DefaultMavenResourcesFiltering - skip non existing resourceDirectory C:\Users\Admin\Automation TTS 8-00\Selenium_Learning\src\test\resources
2026-06-20 18:57:04,568 [Worker-87: Building] INFO  o.a.m.s.f.DefaultMavenResourcesFiltering - skip non existing resourceDirectory C:\Users\Admin\Automation TTS 8-00\Selenium_Learning\src\main\resources
2026-06-20 18:57:04,569 [Worker-87: Building] INFO  o.a.m.s.f.DefaultMavenResourcesFiltering - skip non existing resourceDirectory C:\Users\Admin\Automation TTS 8-00\Selenium_Learning\src\test\resources
2026-06-23 08:45:29,377 [Worker-2: Loading available Gradle versions] INFO  o.e.b.c.i.u.g.PublishedGradleVersions - Gradle version information cache is out-of-date. Trying to update.
2026-06-23 08:46:21,186 [Worker-6: Building] INFO  o.a.m.s.f.DefaultMavenResourcesFiltering - skip non existing resourceDirectory C:\Users\Admin\Automation TTS 8-00\Selenium_Learning\src\main\resources
2026-06-23 08:46:21,192 [Worker-6: Building] INFO  o.a.m.s.f.DefaultMavenResourcesFiltering - skip non existing resourceDirectory C:\Users\Admin\Automation TTS 8-00\Selenium_Learning\src\test\resources
2026-06-23 08:52:16,892 [Worker-29: Building] INFO  o.a.m.s.f.DefaultMavenResourcesFiltering - skip non existing resourceDirectory C:\Users\Admin\Automation TTS 8-00\Selenium_Learning\src\main\resources
2026-06-23 08:52:16,898 [Worker-29: Building] INFO  o.a.m.s.f.DefaultMavenResourcesFiltering - skip non existing resourceDirectory C:\Users\Admin\Automation TTS 8-00\Selenium_Learning\src\test\resources
2026-06-23 08:52:52,403 [Worker-30: Building] INFO  o.a.m.s.f.DefaultMavenResourcesFiltering - skip non existing resourceDirectory C:\Users\Admin\Automation TTS 8-00\Selenium_Learning\src\main\resources
2026-06-23 08:52:52,405 [Worker-30: Building] INFO  o.a.m.s.f.DefaultMavenResourcesFiltering - skip non existing resourceDirectory C:\Users\Admin\Automation TTS 8-00\Selenium_Learning\src\test\resources
2026-06-23 08:53:43,109 [Worker-9: Building] INFO  o.a.m.s.f.DefaultMavenResourcesFiltering - skip non existing resourceDirectory C:\Users\Admin\Automation TTS 8-00\Selenium_Learning\src\main\resources
2026-06-23 08:53:43,112 [Worker-9: Building] INFO  o.a.m.s.f.DefaultMavenResourcesFiltering - skip non existing resourceDirectory C:\Users\Admin\Automation TTS 8-00\Selenium_Learning\src\test\resources
2026-06-23 08:53:47,988 [Worker-30: Building] INFO  o.a.m.s.f.DefaultMavenResourcesFiltering - skip non existing resourceDirectory C:\Users\Admin\Automation TTS 8-00\Selenium_Learning\src\main\resources
2026-06-23 08:53:47,990 [Worker-30: Building] INFO  o.a.m.s.f.DefaultMavenResourcesFiltering - skip non existing resourceDirectory C:\Users\Admin\Automation TTS 8-00\Selenium_Learning\src\test\resources
2026-06-23 08:54:01,534 [Worker-30: Building] INFO  o.a.m.s.f.DefaultMavenResourcesFiltering - skip non existing resourceDirectory C:\Users\Admin\Automation TTS 8-00\Selenium_Learning\src\main\resources
2026-06-23 08:54:01,535 [Worker-30: Building] INFO  o.a.m.s.f.DefaultMavenResourcesFiltering - skip non existing resourceDirectory C:\Users\Admin\Automation TTS 8-00\Selenium_Learning\src\test\resources
2026-06-23 08:55:01,137 [Worker-31: Building] INFO  o.a.m.s.f.DefaultMavenResourcesFiltering - skip non existing resourceDirectory C:\Users\Admin\Automation TTS 8-00\Selenium_Learning\src\main\resources
2026-06-23 08:55:01,140 [Worker-31: Building] INFO  o.a.m.s.f.DefaultMavenResourcesFiltering - skip non existing resourceDirectory C:\Users\Admin\Automation TTS 8-00\Selenium_Learning\src\test\resources
2026-06-23 08:55:26,720 [Worker-33: Building] INFO  o.a.m.s.f.DefaultMavenResourcesFiltering - skip non existing resourceDirectory C:\Users\Admin\Automation TTS 8-00\Selenium_Learning\src\main\resources
2026-06-23 08:55:26,722 [Worker-33: Building] INFO  o.a.m.s.f.DefaultMavenResourcesFiltering - skip non existing resourceDirectory C:\Users\Admin\Automation TTS 8-00\Selenium_Learning\src\test\resources
2026-06-23 08:55:47,875 [Worker-9: Building] INFO  o.a.m.s.f.DefaultMavenResourcesFiltering - skip non existing resourceDirectory C:\Users\Admin\Automation TTS 8-00\Selenium_Learning\src\main\resources
2026-06-23 08:55:47,878 [Worker-9: Building] INFO  o.a.m.s.f.DefaultMavenResourcesFiltering - skip non existing resourceDirectory C:\Users\Admin\Automation TTS 8-00\Selenium_Learning\src\test\resources
2026-06-23 08:55:50,885 [Worker-31: Building] INFO  o.a.m.s.f.DefaultMavenResourcesFiltering - skip non existing resourceDirectory C:\Users\Admin\Automation TTS 8-00\Selenium_Learning\src\main\resources
2026-06-23 08:55:50,886 [Worker-31: Building] INFO  o.a.m.s.f.DefaultMavenResourcesFiltering - skip non existing resourceDirectory C:\Users\Admin\Automation TTS 8-00\Selenium_Learning\src\test\resources
2026-06-23 09:03:22,242 [Worker-33: Building] INFO  o.a.m.s.f.DefaultMavenResourcesFiltering - skip non existing resourceDirectory C:\Users\Admin\Automation TTS 8-00\Selenium_Learning\src\main\resources
2026-06-23 09:03:22,245 [Worker-33: Building] INFO  o.a.m.s.f.DefaultMavenResourcesFiltering - skip non existing resourceDirectory C:\Users\Admin\Automation TTS 8-00\Selenium_Learning\src\test\resources
2026-06-23 09:03:47,074 [Worker-33: Building] INFO  o.a.m.s.f.DefaultMavenResourcesFiltering - skip non existing resourceDirectory C:\Users\Admin\Automation TTS 8-00\Selenium_Learning\src\main\resources
2026-06-23 09:03:47,078 [Worker-33: Building] INFO  o.a.m.s.f.DefaultMavenResourcesFiltering - skip non existing resourceDirectory C:\Users\Admin\Automation TTS 8-00\Selenium_Learning\src\test\resources
2026-06-23 09:04:04,822 [Worker-36: Building] INFO  o.a.m.s.f.DefaultMavenResourcesFiltering - skip non existing resourceDirectory C:\Users\Admin\Automation TTS 8-00\Selenium_Learning\src\main\resources
2026-06-23 09:04:04,824 [Worker-36: Building] INFO  o.a.m.s.f.DefaultMavenResourcesFiltering - skip non existing resourceDirectory C:\Users\Admin\Automation TTS 8-00\Selenium_Learning\src\test\resources
2026-06-23 09:04:05,887 [Worker-29: Building] INFO  o.a.m.s.f.DefaultMavenResourcesFiltering - skip non existing resourceDirectory C:\Users\Admin\Automation TTS 8-00\Selenium_Learning\src\main\resources
2026-06-23 09:04:05,889 [Worker-29: Building] INFO  o.a.m.s.f.DefaultMavenResourcesFiltering - skip non existing resourceDirectory C:\Users\Admin\Automation TTS 8-00\Selenium_Learning\src\test\resources
2026-06-23 09:04:07,949 [Worker-36: Building] INFO  o.a.m.s.f.DefaultMavenResourcesFiltering - skip non existing resourceDirectory C:\Users\Admin\Automation TTS 8-00\Selenium_Learning\src\main\resources
2026-06-23 09:04:07,951 [Worker-36: Building] INFO  o.a.m.s.f.DefaultMavenResourcesFiltering - skip non existing resourceDirectory C:\Users\Admin\Automation TTS 8-00\Selenium_Learning\src\test\resources
2026-06-23 09:04:13,375 [Worker-36: Building] INFO  o.a.m.s.f.DefaultMavenResourcesFiltering - skip non existing resourceDirectory C:\Users\Admin\Automation TTS 8-00\Selenium_Learning\src\main\resources
2026-06-23 09:04:13,376 [Worker-36: Building] INFO  o.a.m.s.f.DefaultMavenResourcesFiltering - skip non existing resourceDirectory C:\Users\Admin\Automation TTS 8-00\Selenium_Learning\src\test\resources
2026-06-23 09:08:41,001 [Worker-36: Building] INFO  o.a.m.s.f.DefaultMavenResourcesFiltering - skip non existing resourceDirectory C:\Users\Admin\Automation TTS 8-00\Selenium_Learning\src\main\resources
2026-06-23 09:08:41,003 [Worker-36: Building] INFO  o.a.m.s.f.DefaultMavenResourcesFiltering - skip non existing resourceDirectory C:\Users\Admin\Automation TTS 8-00\Selenium_Learning\src\test\resources
2026-06-23 09:09:13,318 [Worker-38: Building] INFO  o.a.m.s.f.DefaultMavenResourcesFiltering - skip non existing resourceDirectory C:\Users\Admin\Automation TTS 8-00\Selenium_Learning\src\main\resources
2026-06-23 09:09:13,319 [Worker-38: Building] INFO  o.a.m.s.f.DefaultMavenResourcesFiltering - skip non existing resourceDirectory C:\Users\Admin\Automation TTS 8-00\Selenium_Learning\src\test\resources
2026-06-23 09:09:14,619 [Worker-41: Building] INFO  o.a.m.s.f.DefaultMavenResourcesFiltering - skip non existing resourceDirectory C:\Users\Admin\Automation TTS 8-00\Selenium_Learning\src\main\resources
2026-06-23 09:09:14,620 [Worker-41: Building] INFO  o.a.m.s.f.DefaultMavenResourcesFiltering - skip non existing resourceDirectory C:\Users\Admin\Automation TTS 8-00\Selenium_Learning\src\test\resources
2026-06-23 09:09:19,953 [Worker-39: Building] INFO  o.a.m.s.f.DefaultMavenResourcesFiltering - skip non existing resourceDirectory C:\Users\Admin\Automation TTS 8-00\Selenium_Learning\src\main\resources
2026-06-23 09:09:19,954 [Worker-39: Building] INFO  o.a.m.s.f.DefaultMavenResourcesFiltering - skip non existing resourceDirectory C:\Users\Admin\Automation TTS 8-00\Selenium_Learning\src\test\resources
2026-06-23 09:15:13,798 [Worker-45: Building] INFO  o.a.m.s.f.DefaultMavenResourcesFiltering - skip non existing resourceDirectory C:\Users\Admin\Automation TTS 8-00\Selenium_Learning\src\main\resources
2026-06-23 09:15:13,800 [Worker-45: Building] INFO  o.a.m.s.f.DefaultMavenResourcesFiltering - skip non existing resourceDirectory C:\Users\Admin\Automation TTS 8-00\Selenium_Learning\src\test\resources
2026-06-23 09:15:14,833 [Worker-46: Building] INFO  o.a.m.s.f.DefaultMavenResourcesFiltering - skip non existing resourceDirectory C:\Users\Admin\Automation TTS 8-00\Selenium_Learning\src\main\resources
2026-06-23 09:15:14,834 [Worker-46: Building] INFO  o.a.m.s.f.DefaultMavenResourcesFiltering - skip non existing resourceDirectory C:\Users\Admin\Automation TTS 8-00\Selenium_Learning\src\test\resources
2026-06-23 09:15:32,867 [Worker-40: Building] INFO  o.a.m.s.f.DefaultMavenResourcesFiltering - skip non existing resourceDirectory C:\Users\Admin\Automation TTS 8-00\Selenium_Learning\src\main\resources
2026-06-23 09:15:32,870 [Worker-40: Building] INFO  o.a.m.s.f.DefaultMavenResourcesFiltering - skip non existing resourceDirectory C:\Users\Admin\Automation TTS 8-00\Selenium_Learning\src\test\resources
2026-06-23 09:15:40,436 [Worker-40: Building] INFO  o.a.m.s.f.DefaultMavenResourcesFiltering - skip non existing resourceDirectory C:\Users\Admin\Automation TTS 8-00\Selenium_Learning\src\main\resources
2026-06-23 09:15:40,438 [Worker-40: Building] INFO  o.a.m.s.f.DefaultMavenResourcesFiltering - skip non existing resourceDirectory C:\Users\Admin\Automation TTS 8-00\Selenium_Learning\src\test\resources
2026-06-23 09:15:41,525 [Worker-45: Building] INFO  o.a.m.s.f.DefaultMavenResourcesFiltering - skip non existing resourceDirectory C:\Users\Admin\Automation TTS 8-00\Selenium_Learning\src\main\resources
2026-06-23 09:15:41,526 [Worker-45: Building] INFO  o.a.m.s.f.DefaultMavenResourcesFiltering - skip non existing resourceDirectory C:\Users\Admin\Automation TTS 8-00\Selenium_Learning\src\test\resources
2026-06-23 09:16:06,590 [Worker-46: Building] INFO  o.a.m.s.f.DefaultMavenResourcesFiltering - skip non existing resourceDirectory C:\Users\Admin\Automation TTS 8-00\Selenium_Learning\src\main\resources
2026-06-23 09:16:06,592 [Worker-46: Building] INFO  o.a.m.s.f.DefaultMavenResourcesFiltering - skip non existing resourceDirectory C:\Users\Admin\Automation TTS 8-00\Selenium_Learning\src\test\resources
2026-06-23 09:16:41,399 [Worker-40: Building] INFO  o.a.m.s.f.DefaultMavenResourcesFiltering - skip non existing resourceDirectory C:\Users\Admin\Automation TTS 8-00\Selenium_Learning\src\main\resources
2026-06-23 09:16:41,401 [Worker-40: Building] INFO  o.a.m.s.f.DefaultMavenResourcesFiltering - skip non existing resourceDirectory C:\Users\Admin\Automation TTS 8-00\Selenium_Learning\src\test\resources
2026-06-23 09:16:54,692 [Worker-44: Building] INFO  o.a.m.s.f.DefaultMavenResourcesFiltering - skip non existing resourceDirectory C:\Users\Admin\Automation TTS 8-00\Selenium_Learning\src\main\resources
2026-06-23 09:16:54,694 [Worker-44: Building] INFO  o.a.m.s.f.DefaultMavenResourcesFiltering - skip non existing resourceDirectory C:\Users\Admin\Automation TTS 8-00\Selenium_Learning\src\test\resources
2026-06-23 09:17:10,408 [Worker-46: Building] INFO  o.a.m.s.f.DefaultMavenResourcesFiltering - skip non existing resourceDirectory C:\Users\Admin\Automation TTS 8-00\Selenium_Learning\src\main\resources
2026-06-23 09:17:10,409 [Worker-46: Building] INFO  o.a.m.s.f.DefaultMavenResourcesFiltering - skip non existing resourceDirectory C:\Users\Admin\Automation TTS 8-00\Selenium_Learning\src\test\resources
2026-06-23 09:17:33,223 [Worker-40: Building] INFO  o.a.m.s.f.DefaultMavenResourcesFiltering - skip non existing resourceDirectory C:\Users\Admin\Automation TTS 8-00\Selenium_Learning\src\main\resources
2026-06-23 09:17:33,225 [Worker-40: Building] INFO  o.a.m.s.f.DefaultMavenResourcesFiltering - skip non existing resourceDirectory C:\Users\Admin\Automation TTS 8-00\Selenium_Learning\src\test\resources
2026-06-23 09:17:38,021 [Worker-46: Building] INFO  o.a.m.s.f.DefaultMavenResourcesFiltering - skip non existing resourceDirectory C:\Users\Admin\Automation TTS 8-00\Selenium_Learning\src\main\resources
2026-06-23 09:17:38,022 [Worker-46: Building] INFO  o.a.m.s.f.DefaultMavenResourcesFiltering - skip non existing resourceDirectory C:\Users\Admin\Automation TTS 8-00\Selenium_Learning\src\test\resources
2026-06-23 09:18:20,899 [Worker-38: Building] INFO  o.a.m.s.f.DefaultMavenResourcesFiltering - skip non existing resourceDirectory C:\Users\Admin\Automation TTS 8-00\Selenium_Learning\src\main\resources
2026-06-23 09:18:20,900 [Worker-38: Building] INFO  o.a.m.s.f.DefaultMavenResourcesFiltering - skip non existing resourceDirectory C:\Users\Admin\Automation TTS 8-00\Selenium_Learning\src\test\resources
2026-06-23 09:18:38,301 [Worker-40: Building] INFO  o.a.m.s.f.DefaultMavenResourcesFiltering - skip non existing resourceDirectory C:\Users\Admin\Automation TTS 8-00\Selenium_Learning\src\main\resources
2026-06-23 09:18:38,303 [Worker-40: Building] INFO  o.a.m.s.f.DefaultMavenResourcesFiltering - skip non existing resourceDirectory C:\Users\Admin\Automation TTS 8-00\Selenium_Learning\src\test\resources
2026-06-23 09:20:07,481 [Worker-45: Building] INFO  o.a.m.s.f.DefaultMavenResourcesFiltering - skip non existing resourceDirectory C:\Users\Admin\Automation TTS 8-00\Selenium_Learning\src\main\resources
2026-06-23 09:20:07,483 [Worker-45: Building] INFO  o.a.m.s.f.DefaultMavenResourcesFiltering - skip non existing resourceDirectory C:\Users\Admin\Automation TTS 8-00\Selenium_Learning\src\test\resources
2026-06-23 09:20:57,667 [Worker-44: Building] INFO  o.a.m.s.f.DefaultMavenResourcesFiltering - skip non existing resourceDirectory C:\Users\Admin\Automation TTS 8-00\Selenium_Learning\src\main\resources
2026-06-23 09:20:57,669 [Worker-44: Building] INFO  o.a.m.s.f.DefaultMavenResourcesFiltering - skip non existing resourceDirectory C:\Users\Admin\Automation TTS 8-00\Selenium_Learning\src\test\resources
2026-06-23 09:21:39,996 [Worker-38: Building] INFO  o.a.m.s.f.DefaultMavenResourcesFiltering - skip non existing resourceDirectory C:\Users\Admin\Automation TTS 8-00\Selenium_Learning\src\main\resources
2026-06-23 09:21:39,999 [Worker-38: Building] INFO  o.a.m.s.f.DefaultMavenResourcesFiltering - skip non existing resourceDirectory C:\Users\Admin\Automation TTS 8-00\Selenium_Learning\src\test\resources
2026-06-23 09:22:10,064 [Worker-48: Building] INFO  o.a.m.s.f.DefaultMavenResourcesFiltering - skip non existing resourceDirectory C:\Users\Admin\Automation TTS 8-00\Selenium_Learning\src\main\resources
2026-06-23 09:22:10,066 [Worker-48: Building] INFO  o.a.m.s.f.DefaultMavenResourcesFiltering - skip non existing resourceDirectory C:\Users\Admin\Automation TTS 8-00\Selenium_Learning\src\test\resources
2026-06-23 09:22:34,775 [Worker-47: Building] INFO  o.a.m.s.f.DefaultMavenResourcesFiltering - skip non existing resourceDirectory C:\Users\Admin\Automation TTS 8-00\Selenium_Learning\src\main\resources
2026-06-23 09:22:34,777 [Worker-47: Building] INFO  o.a.m.s.f.DefaultMavenResourcesFiltering - skip non existing resourceDirectory C:\Users\Admin\Automation TTS 8-00\Selenium_Learning\src\test\resources
2026-06-23 09:25:21,777 [Worker-49: Building] INFO  o.a.m.s.f.DefaultMavenResourcesFiltering - skip non existing resourceDirectory C:\Users\Admin\Automation TTS 8-00\Selenium_Learning\src\main\resources
2026-06-23 09:25:21,780 [Worker-49: Building] INFO  o.a.m.s.f.DefaultMavenResourcesFiltering - skip non existing resourceDirectory C:\Users\Admin\Automation TTS 8-00\Selenium_Learning\src\test\resources
2026-06-23 09:25:29,075 [Worker-48: Building] INFO  o.a.m.s.f.DefaultMavenResourcesFiltering - skip non existing resourceDirectory C:\Users\Admin\Automation TTS 8-00\Selenium_Learning\src\main\resources
2026-06-23 09:25:29,077 [Worker-48: Building] INFO  o.a.m.s.f.DefaultMavenResourcesFiltering - skip non existing resourceDirectory C:\Users\Admin\Automation TTS 8-00\Selenium_Learning\src\test\resources
2026-06-23 09:25:35,414 [Worker-50: Building] INFO  o.a.m.s.f.DefaultMavenResourcesFiltering - skip non existing resourceDirectory C:\Users\Admin\Automation TTS 8-00\Selenium_Learning\src\main\resources
2026-06-23 09:25:35,416 [Worker-50: Building] INFO  o.a.m.s.f.DefaultMavenResourcesFiltering - skip non existing resourceDirectory C:\Users\Admin\Automation TTS 8-00\Selenium_Learning\src\test\resources
2026-06-23 09:25:58,122 [Worker-51: Building] INFO  o.a.m.s.f.DefaultMavenResourcesFiltering - skip non existing resourceDirectory C:\Users\Admin\Automation TTS 8-00\Selenium_Learning\src\main\resources
2026-06-23 09:25:58,124 [Worker-51: Building] INFO  o.a.m.s.f.DefaultMavenResourcesFiltering - skip non existing resourceDirectory C:\Users\Admin\Automation TTS 8-00\Selenium_Learning\src\test\resources
2026-06-23 09:26:01,743 [Worker-51: Building] INFO  o.a.m.s.f.DefaultMavenResourcesFiltering - skip non existing resourceDirectory C:\Users\Admin\Automation TTS 8-00\Selenium_Learning\src\main\resources
2026-06-23 09:26:01,744 [Worker-51: Building] INFO  o.a.m.s.f.DefaultMavenResourcesFiltering - skip non existing resourceDirectory C:\Users\Admin\Automation TTS 8-00\Selenium_Learning\src\test\resources
2026-06-23 09:26:40,863 [Worker-52: Building] INFO  o.a.m.s.f.DefaultMavenResourcesFiltering - skip non existing resourceDirectory C:\Users\Admin\Automation TTS 8-00\Selenium_Learning\src\main\resources
2026-06-23 09:26:40,864 [Worker-52: Building] INFO  o.a.m.s.f.DefaultMavenResourcesFiltering - skip non existing resourceDirectory C:\Users\Admin\Automation TTS 8-00\Selenium_Learning\src\test\resources
2026-06-23 09:26:42,515 [Worker-44: Building] INFO  o.a.m.s.f.DefaultMavenResourcesFiltering - skip non existing resourceDirectory C:\Users\Admin\Automation TTS 8-00\Selenium_Learning\src\main\resources
2026-06-23 09:26:42,516 [Worker-44: Building] INFO  o.a.m.s.f.DefaultMavenResourcesFiltering - skip non existing resourceDirectory C:\Users\Admin\Automation TTS 8-00\Selenium_Learning\src\test\resources
2026-06-23 09:27:02,455 [Worker-49: Building] INFO  o.a.m.s.f.DefaultMavenResourcesFiltering - skip non existing resourceDirectory C:\Users\Admin\Automation TTS 8-00\Selenium_Learning\src\main\resources
2026-06-23 09:27:02,456 [Worker-49: Building] INFO  o.a.m.s.f.DefaultMavenResourcesFiltering - skip non existing resourceDirectory C:\Users\Admin\Automation TTS 8-00\Selenium_Learning\src\test\resources
2026-06-23 09:28:56,316 [Worker-49: Building] INFO  o.a.m.s.f.DefaultMavenResourcesFiltering - skip non existing resourceDirectory C:\Users\Admin\Automation TTS 8-00\Selenium_Learning\src\main\resources
2026-06-23 09:28:56,319 [Worker-49: Building] INFO  o.a.m.s.f.DefaultMavenResourcesFiltering - skip non existing resourceDirectory C:\Users\Admin\Automation TTS 8-00\Selenium_Learning\src\test\resources
2026-06-23 09:28:58,258 [Worker-49: Building] INFO  o.a.m.s.f.DefaultMavenResourcesFiltering - skip non existing resourceDirectory C:\Users\Admin\Automation TTS 8-00\Selenium_Learning\src\main\resources
2026-06-23 09:28:58,259 [Worker-49: Building] INFO  o.a.m.s.f.DefaultMavenResourcesFiltering - skip non existing resourceDirectory C:\Users\Admin\Automation TTS 8-00\Selenium_Learning\src\test\resources
2026-06-23 09:29:15,132 [Worker-52: Building] INFO  o.a.m.s.f.DefaultMavenResourcesFiltering - skip non existing resourceDirectory C:\Users\Admin\Automation TTS 8-00\Selenium_Learning\src\main\resources
2026-06-23 09:29:15,134 [Worker-52: Building] INFO  o.a.m.s.f.DefaultMavenResourcesFiltering - skip non existing resourceDirectory C:\Users\Admin\Automation TTS 8-00\Selenium_Learning\src\test\resources
2026-06-23 09:29:19,106 [Worker-54: Building] INFO  o.a.m.s.f.DefaultMavenResourcesFiltering - skip non existing resourceDirectory C:\Users\Admin\Automation TTS 8-00\Selenium_Learning\src\main\resources
2026-06-23 09:29:19,107 [Worker-54: Building] INFO  o.a.m.s.f.DefaultMavenResourcesFiltering - skip non existing resourceDirectory C:\Users\Admin\Automation TTS 8-00\Selenium_Learning\src\test\resources
2026-06-23 09:30:07,458 [Worker-54: Building] INFO  o.a.m.s.f.DefaultMavenResourcesFiltering - skip non existing resourceDirectory C:\Users\Admin\Automation TTS 8-00\Selenium_Learning\src\main\resources
2026-06-23 09:30:07,460 [Worker-54: Building] INFO  o.a.m.s.f.DefaultMavenResourcesFiltering - skip non existing resourceDirectory C:\Users\Admin\Automation TTS 8-00\Selenium_Learning\src\test\resources
2026-06-23 09:30:29,140 [Worker-52: Building] INFO  o.a.m.s.f.DefaultMavenResourcesFiltering - skip non existing resourceDirectory C:\Users\Admin\Automation TTS 8-00\Selenium_Learning\src\main\resources
2026-06-23 09:30:29,142 [Worker-52: Building] INFO  o.a.m.s.f.DefaultMavenResourcesFiltering - skip non existing resourceDirectory C:\Users\Admin\Automation TTS 8-00\Selenium_Learning\src\test\resources
2026-06-23 09:30:40,594 [Worker-54: Building] INFO  o.a.m.s.f.DefaultMavenResourcesFiltering - skip non existing resourceDirectory C:\Users\Admin\Automation TTS 8-00\Selenium_Learning\src\main\resources
2026-06-23 09:30:40,596 [Worker-54: Building] INFO  o.a.m.s.f.DefaultMavenResourcesFiltering - skip non existing resourceDirectory C:\Users\Admin\Automation TTS 8-00\Selenium_Learning\src\test\resources
2026-06-23 09:31:25,299 [Worker-44: Building] INFO  o.a.m.s.f.DefaultMavenResourcesFiltering - skip non existing resourceDirectory C:\Users\Admin\Automation TTS 8-00\Selenium_Learning\src\main\resources
2026-06-23 09:31:25,300 [Worker-44: Building] INFO  o.a.m.s.f.DefaultMavenResourcesFiltering - skip non existing resourceDirectory C:\Users\Admin\Automation TTS 8-00\Selenium_Learning\src\test\resources
2026-06-23 09:31:26,331 [Worker-44: Building] INFO  o.a.m.s.f.DefaultMavenResourcesFiltering - skip non existing resourceDirectory C:\Users\Admin\Automation TTS 8-00\Selenium_Learning\src\main\resources
2026-06-23 09:31:26,332 [Worker-44: Building] INFO  o.a.m.s.f.DefaultMavenResourcesFiltering - skip non existing resourceDirectory C:\Users\Admin\Automation TTS 8-00\Selenium_Learning\src\test\resources
2026-06-23 09:32:20,373 [Worker-44: Building] INFO  o.a.m.s.f.DefaultMavenResourcesFiltering - skip non existing resourceDirectory C:\Users\Admin\Automation TTS 8-00\Selenium_Learning\src\main\resources
2026-06-23 09:32:20,375 [Worker-44: Building] INFO  o.a.m.s.f.DefaultMavenResourcesFiltering - skip non existing resourceDirectory C:\Users\Admin\Automation TTS 8-00\Selenium_Learning\src\test\resources
2026-06-23 09:32:32,968 [Worker-49: Building] INFO  o.a.m.s.f.DefaultMavenResourcesFiltering - skip non existing resourceDirectory C:\Users\Admin\Automation TTS 8-00\Selenium_Learning\src\main\resources
2026-06-23 09:32:32,970 [Worker-49: Building] INFO  o.a.m.s.f.DefaultMavenResourcesFiltering - skip non existing resourceDirectory C:\Users\Admin\Automation TTS 8-00\Selenium_Learning\src\test\resources
2026-06-23 09:32:39,257 [Worker-52: Building] INFO  o.a.m.s.f.DefaultMavenResourcesFiltering - skip non existing resourceDirectory C:\Users\Admin\Automation TTS 8-00\Selenium_Learning\src\main\resources
2026-06-23 09:32:39,259 [Worker-52: Building] INFO  o.a.m.s.f.DefaultMavenResourcesFiltering - skip non existing resourceDirectory C:\Users\Admin\Automation TTS 8-00\Selenium_Learning\src\test\resources
2026-06-23 09:33:25,195 [Worker-55: Building] INFO  o.a.m.s.f.DefaultMavenResourcesFiltering - skip non existing resourceDirectory C:\Users\Admin\Automation TTS 8-00\Selenium_Learning\src\main\resources
2026-06-23 09:33:25,196 [Worker-55: Building] INFO  o.a.m.s.f.DefaultMavenResourcesFiltering - skip non existing resourceDirectory C:\Users\Admin\Automation TTS 8-00\Selenium_Learning\src\test\resources
2026-06-23 09:33:36,807 [Worker-44: Building] INFO  o.a.m.s.f.DefaultMavenResourcesFiltering - skip non existing resourceDirectory C:\Users\Admin\Automation TTS 8-00\Selenium_Learning\src\main\resources
2026-06-23 09:33:36,808 [Worker-44: Building] INFO  o.a.m.s.f.DefaultMavenResourcesFiltering - skip non existing resourceDirectory C:\Users\Admin\Automation TTS 8-00\Selenium_Learning\src\test\resources
2026-06-23 09:33:48,785 [Worker-55: Building] INFO  o.a.m.s.f.DefaultMavenResourcesFiltering - skip non existing resourceDirectory C:\Users\Admin\Automation TTS 8-00\Selenium_Learning\src\main\resources
2026-06-23 09:33:48,787 [Worker-55: Building] INFO  o.a.m.s.f.DefaultMavenResourcesFiltering - skip non existing resourceDirectory C:\Users\Admin\Automation TTS 8-00\Selenium_Learning\src\test\resources
2026-06-23 09:34:43,242 [Worker-44: Building] INFO  o.a.m.s.f.DefaultMavenResourcesFiltering - skip non existing resourceDirectory C:\Users\Admin\Automation TTS 8-00\Selenium_Learning\src\main\resources
2026-06-23 09:34:43,243 [Worker-44: Building] INFO  o.a.m.s.f.DefaultMavenResourcesFiltering - skip non existing resourceDirectory C:\Users\Admin\Automation TTS 8-00\Selenium_Learning\src\test\resources
2026-06-23 09:34:44,437 [Worker-57: Building] INFO  o.a.m.s.f.DefaultMavenResourcesFiltering - skip non existing resourceDirectory C:\Users\Admin\Automation TTS 8-00\Selenium_Learning\src\main\resources
2026-06-23 09:34:44,438 [Worker-57: Building] INFO  o.a.m.s.f.DefaultMavenResourcesFiltering - skip non existing resourceDirectory C:\Users\Admin\Automation TTS 8-00\Selenium_Learning\src\test\resources
2026-06-25 08:39:23,258 [Worker-2: Loading available Gradle versions] INFO  o.e.b.c.i.u.g.PublishedGradleVersions - Gradle version information cache is up-to-date. Trying to read.
2026-06-25 08:41:25,784 [Worker-29: Building] INFO  o.a.m.s.f.DefaultMavenResourcesFiltering - skip non existing resourceDirectory C:\Users\Admin\Automation TTS 8-00\Selenium_Learning\src\main\resources
2026-06-25 08:41:25,788 [Worker-29: Building] INFO  o.a.m.s.f.DefaultMavenResourcesFiltering - skip non existing resourceDirectory C:\Users\Admin\Automation TTS 8-00\Selenium_Learning\src\test\resources
2026-06-25 08:41:48,668 [Worker-1: Building] INFO  o.a.m.s.f.DefaultMavenResourcesFiltering - skip non existing resourceDirectory C:\Users\Admin\Automation TTS 8-00\Selenium_Learning\src\main\resources
2026-06-25 08:41:48,670 [Worker-1: Building] INFO  o.a.m.s.f.DefaultMavenResourcesFiltering - skip non existing resourceDirectory C:\Users\Admin\Automation TTS 8-00\Selenium_Learning\src\test\resources
2026-06-25 08:43:32,328 [Worker-23: Building] INFO  o.a.m.s.f.DefaultMavenResourcesFiltering - skip non existing resourceDirectory C:\Users\Admin\Automation TTS 8-00\Selenium_Learning\src\main\resources
2026-06-25 08:43:32,330 [Worker-23: Building] INFO  o.a.m.s.f.DefaultMavenResourcesFiltering - skip non existing resourceDirectory C:\Users\Admin\Automation TTS 8-00\Selenium_Learning\src\test\resources
2026-06-25 08:43:34,401 [Worker-9: Building] INFO  o.a.m.s.f.DefaultMavenResourcesFiltering - skip non existing resourceDirectory C:\Users\Admin\Automation TTS 8-00\Selenium_Learning\src\main\resources
2026-06-25 08:43:34,402 [Worker-9: Building] INFO  o.a.m.s.f.DefaultMavenResourcesFiltering - skip non existing resourceDirectory C:\Users\Admin\Automation TTS 8-00\Selenium_Learning\src\test\resources
2026-06-25 08:44:14,395 [Worker-31: Building] INFO  o.a.m.s.f.DefaultMavenResourcesFiltering - skip non existing resourceDirectory C:\Users\Admin\Automation TTS 8-00\Selenium_Learning\src\main\resources
2026-06-25 08:44:14,396 [Worker-31: Building] INFO  o.a.m.s.f.DefaultMavenResourcesFiltering - skip non existing resourceDirectory C:\Users\Admin\Automation TTS 8-00\Selenium_Learning\src\test\resources
2026-06-25 08:44:15,863 [Worker-32: Building] INFO  o.a.m.s.f.DefaultMavenResourcesFiltering - skip non existing resourceDirectory C:\Users\Admin\Automation TTS 8-00\Selenium_Learning\src\main\resources
2026-06-25 08:44:15,866 [Worker-32: Building] INFO  o.a.m.s.f.DefaultMavenResourcesFiltering - skip non existing resourceDirectory C:\Users\Admin\Automation TTS 8-00\Selenium_Learning\src\test\resources
2026-06-25 08:44:58,115 [Worker-23: Building] INFO  o.a.m.s.f.DefaultMavenResourcesFiltering - skip non existing resourceDirectory C:\Users\Admin\Automation TTS 8-00\Selenium_Learning\src\main\resources
2026-06-25 08:44:58,118 [Worker-23: Building] INFO  o.a.m.s.f.DefaultMavenResourcesFiltering - skip non existing resourceDirectory C:\Users\Admin\Automation TTS 8-00\Selenium_Learning\src\test\resources
2026-06-25 08:46:41,174 [Worker-30: Building] INFO  o.a.m.s.f.DefaultMavenResourcesFiltering - skip non existing resourceDirectory C:\Users\Admin\Automation TTS 8-00\Selenium_Learning\src\main\resources
2026-06-25 08:46:41,176 [Worker-30: Building] INFO  o.a.m.s.f.DefaultMavenResourcesFiltering - skip non existing resourceDirectory C:\Users\Admin\Automation TTS 8-00\Selenium_Learning\src\test\resources
2026-06-25 08:46:47,913 [Worker-31: Building] INFO  o.a.m.s.f.DefaultMavenResourcesFiltering - skip non existing resourceDirectory C:\Users\Admin\Automation TTS 8-00\Selenium_Learning\src\main\resources
2026-06-25 08:46:47,914 [Worker-31: Building] INFO  o.a.m.s.f.DefaultMavenResourcesFiltering - skip non existing resourceDirectory C:\Users\Admin\Automation TTS 8-00\Selenium_Learning\src\test\resources
2026-06-25 08:48:04,358 [Worker-34: Building] INFO  o.a.m.s.f.DefaultMavenResourcesFiltering - skip non existing resourceDirectory C:\Users\Admin\Automation TTS 8-00\Selenium_Learning\src\main\resources
2026-06-25 08:48:04,360 [Worker-34: Building] INFO  o.a.m.s.f.DefaultMavenResourcesFiltering - skip non existing resourceDirectory C:\Users\Admin\Automation TTS 8-00\Selenium_Learning\src\test\resources
2026-06-25 08:48:12,173 [Worker-32: Building] INFO  o.a.m.s.f.DefaultMavenResourcesFiltering - skip non existing resourceDirectory C:\Users\Admin\Automation TTS 8-00\Selenium_Learning\src\main\resources
2026-06-25 08:48:12,175 [Worker-32: Building] INFO  o.a.m.s.f.DefaultMavenResourcesFiltering - skip non existing resourceDirectory C:\Users\Admin\Automation TTS 8-00\Selenium_Learning\src\test\resources
2026-06-25 08:48:14,393 [Worker-30: Building] INFO  o.a.m.s.f.DefaultMavenResourcesFiltering - skip non existing resourceDirectory C:\Users\Admin\Automation TTS 8-00\Selenium_Learning\src\main\resources
2026-06-25 08:48:14,394 [Worker-30: Building] INFO  o.a.m.s.f.DefaultMavenResourcesFiltering - skip non existing resourceDirectory C:\Users\Admin\Automation TTS 8-00\Selenium_Learning\src\test\resources
2026-06-25 08:48:32,455 [Worker-23: Building] INFO  o.a.m.s.f.DefaultMavenResourcesFiltering - skip non existing resourceDirectory C:\Users\Admin\Automation TTS 8-00\Selenium_Learning\src\main\resources
2026-06-25 08:48:32,457 [Worker-23: Building] INFO  o.a.m.s.f.DefaultMavenResourcesFiltering - skip non existing resourceDirectory C:\Users\Admin\Automation TTS 8-00\Selenium_Learning\src\test\resources
2026-06-25 08:49:18,890 [Worker-30: Building] INFO  o.a.m.s.f.DefaultMavenResourcesFiltering - skip non existing resourceDirectory C:\Users\Admin\Automation TTS 8-00\Selenium_Learning\src\main\resources
2026-06-25 08:49:18,892 [Worker-30: Building] INFO  o.a.m.s.f.DefaultMavenResourcesFiltering - skip non existing resourceDirectory C:\Users\Admin\Automation TTS 8-00\Selenium_Learning\src\test\resources
2026-06-25 08:49:52,239 [Worker-30: Building] INFO  o.a.m.s.f.DefaultMavenResourcesFiltering - skip non existing resourceDirectory C:\Users\Admin\Automation TTS 8-00\Selenium_Learning\src\main\resources
2026-06-25 08:49:52,240 [Worker-30: Building] INFO  o.a.m.s.f.DefaultMavenResourcesFiltering - skip non existing resourceDirectory C:\Users\Admin\Automation TTS 8-00\Selenium_Learning\src\test\resources
2026-06-25 08:50:19,667 [Worker-33: Building] INFO  o.a.m.s.f.DefaultMavenResourcesFiltering - skip non existing resourceDirectory C:\Users\Admin\Automation TTS 8-00\Selenium_Learning\src\main\resources
2026-06-25 08:50:19,669 [Worker-33: Building] INFO  o.a.m.s.f.DefaultMavenResourcesFiltering - skip non existing resourceDirectory C:\Users\Admin\Automation TTS 8-00\Selenium_Learning\src\test\resources
2026-06-25 08:50:21,973 [Worker-30: Building] INFO  o.a.m.s.f.DefaultMavenResourcesFiltering - skip non existing resourceDirectory C:\Users\Admin\Automation TTS 8-00\Selenium_Learning\src\main\resources
2026-06-25 08:50:21,974 [Worker-30: Building] INFO  o.a.m.s.f.DefaultMavenResourcesFiltering - skip non existing resourceDirectory C:\Users\Admin\Automation TTS 8-00\Selenium_Learning\src\test\resources
2026-06-25 08:51:26,808 [Worker-30: Building] INFO  o.a.m.s.f.DefaultMavenResourcesFiltering - skip non existing resourceDirectory C:\Users\Admin\Automation TTS 8-00\Selenium_Learning\src\main\resources
2026-06-25 08:51:26,810 [Worker-30: Building] INFO  o.a.m.s.f.DefaultMavenResourcesFiltering - skip non existing resourceDirectory C:\Users\Admin\Automation TTS 8-00\Selenium_Learning\src\test\resources
2026-06-25 08:51:52,205 [Worker-30: Building] INFO  o.a.m.s.f.DefaultMavenResourcesFiltering - skip non existing resourceDirectory C:\Users\Admin\Automation TTS 8-00\Selenium_Learning\src\main\resources
2026-06-25 08:51:52,206 [Worker-30: Building] INFO  o.a.m.s.f.DefaultMavenResourcesFiltering - skip non existing resourceDirectory C:\Users\Admin\Automation TTS 8-00\Selenium_Learning\src\test\resources
2026-06-25 08:52:18,096 [Worker-31: Building] INFO  o.a.m.s.f.DefaultMavenResourcesFiltering - skip non existing resourceDirectory C:\Users\Admin\Automation TTS 8-00\Selenium_Learning\src\main\resources
2026-06-25 08:52:18,097 [Worker-31: Building] INFO  o.a.m.s.f.DefaultMavenResourcesFiltering - skip non existing resourceDirectory C:\Users\Admin\Automation TTS 8-00\Selenium_Learning\src\test\resources
2026-06-25 08:53:03,447 [Worker-33: Building] INFO  o.a.m.s.f.DefaultMavenResourcesFiltering - skip non existing resourceDirectory C:\Users\Admin\Automation TTS 8-00\Selenium_Learning\src\main\resources
2026-06-25 08:53:03,448 [Worker-33: Building] INFO  o.a.m.s.f.DefaultMavenResourcesFiltering - skip non existing resourceDirectory C:\Users\Admin\Automation TTS 8-00\Selenium_Learning\src\test\resources
2026-06-25 08:53:04,539 [Worker-9: Building] INFO  o.a.m.s.f.DefaultMavenResourcesFiltering - skip non existing resourceDirectory C:\Users\Admin\Automation TTS 8-00\Selenium_Learning\src\main\resources
2026-06-25 08:53:04,541 [Worker-9: Building] INFO  o.a.m.s.f.DefaultMavenResourcesFiltering - skip non existing resourceDirectory C:\Users\Admin\Automation TTS 8-00\Selenium_Learning\src\test\resources
2026-06-25 08:59:17,917 [Worker-34: Building] INFO  o.a.m.s.f.DefaultMavenResourcesFiltering - skip non existing resourceDirectory C:\Users\Admin\Automation TTS 8-00\Selenium_Learning\src\main\resources
2026-06-25 08:59:17,919 [Worker-34: Building] INFO  o.a.m.s.f.DefaultMavenResourcesFiltering - skip non existing resourceDirectory C:\Users\Admin\Automation TTS 8-00\Selenium_Learning\src\test\resources
2026-06-25 08:59:45,106 [Worker-38: Building] INFO  o.a.m.s.f.DefaultMavenResourcesFiltering - skip non existing resourceDirectory C:\Users\Admin\Automation TTS 8-00\Selenium_Learning\src\main\resources
2026-06-25 08:59:45,107 [Worker-38: Building] INFO  o.a.m.s.f.DefaultMavenResourcesFiltering - skip non existing resourceDirectory C:\Users\Admin\Automation TTS 8-00\Selenium_Learning\src\test\resources
2026-06-25 08:59:47,147 [Worker-34: Building] INFO  o.a.m.s.f.DefaultMavenResourcesFiltering - skip non existing resourceDirectory C:\Users\Admin\Automation TTS 8-00\Selenium_Learning\src\main\resources
2026-06-25 08:59:47,148 [Worker-34: Building] INFO  o.a.m.s.f.DefaultMavenResourcesFiltering - skip non existing resourceDirectory C:\Users\Admin\Automation TTS 8-00\Selenium_Learning\src\test\resources
2026-06-25 09:01:24,228 [Worker-34: Building] INFO  o.a.m.s.f.DefaultMavenResourcesFiltering - skip non existing resourceDirectory C:\Users\Admin\Automation TTS 8-00\Selenium_Learning\src\main\resources
2026-06-25 09:01:24,230 [Worker-34: Building] INFO  o.a.m.s.f.DefaultMavenResourcesFiltering - skip non existing resourceDirectory C:\Users\Admin\Automation TTS 8-00\Selenium_Learning\src\test\resources
2026-06-25 09:01:25,270 [Worker-37: Building] INFO  o.a.m.s.f.DefaultMavenResourcesFiltering - skip non existing resourceDirectory C:\Users\Admin\Automation TTS 8-00\Selenium_Learning\src\main\resources
2026-06-25 09:01:25,270 [Worker-37: Building] INFO  o.a.m.s.f.DefaultMavenResourcesFiltering - skip non existing resourceDirectory C:\Users\Admin\Automation TTS 8-00\Selenium_Learning\src\test\resources
2026-06-25 09:01:43,213 [Worker-32: Building] INFO  o.a.m.s.f.DefaultMavenResourcesFiltering - skip non existing resourceDirectory C:\Users\Admin\Automation TTS 8-00\Selenium_Learning\src\main\resources
2026-06-25 09:01:43,215 [Worker-32: Building] INFO  o.a.m.s.f.DefaultMavenResourcesFiltering - skip non existing resourceDirectory C:\Users\Admin\Automation TTS 8-00\Selenium_Learning\src\test\resources
2026-06-25 09:02:01,701 [Worker-38: Building] INFO  o.a.m.s.f.DefaultMavenResourcesFiltering - skip non existing resourceDirectory C:\Users\Admin\Automation TTS 8-00\Selenium_Learning\src\main\resources
2026-06-25 09:02:01,702 [Worker-38: Building] INFO  o.a.m.s.f.DefaultMavenResourcesFiltering - skip non existing resourceDirectory C:\Users\Admin\Automation TTS 8-00\Selenium_Learning\src\test\resources
2026-06-25 09:02:02,747 [Worker-38: Building] INFO  o.a.m.s.f.DefaultMavenResourcesFiltering - skip non existing resourceDirectory C:\Users\Admin\Automation TTS 8-00\Selenium_Learning\src\main\resources
2026-06-25 09:02:02,748 [Worker-38: Building] INFO  o.a.m.s.f.DefaultMavenResourcesFiltering - skip non existing resourceDirectory C:\Users\Admin\Automation TTS 8-00\Selenium_Learning\src\test\resources
2026-06-25 09:03:05,982 [Worker-36: Building] INFO  o.a.m.s.f.DefaultMavenResourcesFiltering - skip non existing resourceDirectory C:\Users\Admin\Automation TTS 8-00\Selenium_Learning\src\main\resources
2026-06-25 09:03:05,985 [Worker-36: Building] INFO  o.a.m.s.f.DefaultMavenResourcesFiltering - skip non existing resourceDirectory C:\Users\Admin\Automation TTS 8-00\Selenium_Learning\src\test\resources
2026-06-25 09:03:39,696 [Worker-41: Building] INFO  o.a.m.s.f.DefaultMavenResourcesFiltering - skip non existing resourceDirectory C:\Users\Admin\Automation TTS 8-00\Selenium_Learning\src\main\resources
2026-06-25 09:03:39,698 [Worker-41: Building] INFO  o.a.m.s.f.DefaultMavenResourcesFiltering - skip non existing resourceDirectory C:\Users\Admin\Automation TTS 8-00\Selenium_Learning\src\test\resources
2026-06-25 09:04:30,938 [Worker-41: Building] INFO  o.a.m.s.f.DefaultMavenResourcesFiltering - skip non existing resourceDirectory C:\Users\Admin\Automation TTS 8-00\Selenium_Learning\src\main\resources
2026-06-25 09:04:30,940 [Worker-41: Building] INFO  o.a.m.s.f.DefaultMavenResourcesFiltering - skip non existing resourceDirectory C:\Users\Admin\Automation TTS 8-00\Selenium_Learning\src\test\resources
2026-06-25 09:05:32,628 [Worker-36: Building] INFO  o.a.m.s.f.DefaultMavenResourcesFiltering - skip non existing resourceDirectory C:\Users\Admin\Automation TTS 8-00\Selenium_Learning\src\main\resources
2026-06-25 09:05:32,629 [Worker-36: Building] INFO  o.a.m.s.f.DefaultMavenResourcesFiltering - skip non existing resourceDirectory C:\Users\Admin\Automation TTS 8-00\Selenium_Learning\src\test\resources
2026-06-25 09:05:48,023 [Worker-34: Building] INFO  o.a.m.s.f.DefaultMavenResourcesFiltering - skip non existing resourceDirectory C:\Users\Admin\Automation TTS 8-00\Selenium_Learning\src\main\resources
2026-06-25 09:05:48,024 [Worker-34: Building] INFO  o.a.m.s.f.DefaultMavenResourcesFiltering - skip non existing resourceDirectory C:\Users\Admin\Automation TTS 8-00\Selenium_Learning\src\test\resources
2026-06-25 09:05:49,171 [Worker-40: Building] INFO  o.a.m.s.f.DefaultMavenResourcesFiltering - skip non existing resourceDirectory C:\Users\Admin\Automation TTS 8-00\Selenium_Learning\src\main\resources
2026-06-25 09:05:49,172 [Worker-40: Building] INFO  o.a.m.s.f.DefaultMavenResourcesFiltering - skip non existing resourceDirectory C:\Users\Admin\Automation TTS 8-00\Selenium_Learning\src\test\resources
2026-06-25 09:06:06,742 [Worker-34: Building] INFO  o.a.m.s.f.DefaultMavenResourcesFiltering - skip non existing resourceDirectory C:\Users\Admin\Automation TTS 8-00\Selenium_Learning\src\main\resources
2026-06-25 09:06:06,744 [Worker-34: Building] INFO  o.a.m.s.f.DefaultMavenResourcesFiltering - skip non existing resourceDirectory C:\Users\Admin\Automation TTS 8-00\Selenium_Learning\src\test\resources
2026-06-25 09:07:10,992 [Worker-36: Building] INFO  o.a.m.s.f.DefaultMavenResourcesFiltering - skip non existing resourceDirectory C:\Users\Admin\Automation TTS 8-00\Selenium_Learning\src\main\resources
2026-06-25 09:07:10,993 [Worker-36: Building] INFO  o.a.m.s.f.DefaultMavenResourcesFiltering - skip non existing resourceDirectory C:\Users\Admin\Automation TTS 8-00\Selenium_Learning\src\test\resources
2026-06-25 09:08:52,580 [Worker-40: Building] INFO  o.a.m.s.f.DefaultMavenResourcesFiltering - skip non existing resourceDirectory C:\Users\Admin\Automation TTS 8-00\Selenium_Learning\src\main\resources
2026-06-25 09:08:52,582 [Worker-40: Building] INFO  o.a.m.s.f.DefaultMavenResourcesFiltering - skip non existing resourceDirectory C:\Users\Admin\Automation TTS 8-00\Selenium_Learning\src\test\resources
2026-06-25 09:10:04,668 [Worker-38: Building] INFO  o.a.m.s.f.DefaultMavenResourcesFiltering - skip non existing resourceDirectory C:\Users\Admin\Automation TTS 8-00\Selenium_Learning\src\main\resources
2026-06-25 09:10:04,669 [Worker-38: Building] INFO  o.a.m.s.f.DefaultMavenResourcesFiltering - skip non existing resourceDirectory C:\Users\Admin\Automation TTS 8-00\Selenium_Learning\src\test\resources
2026-06-25 09:10:41,096 [Worker-36: Building] INFO  o.a.m.s.f.DefaultMavenResourcesFiltering - skip non existing resourceDirectory C:\Users\Admin\Automation TTS 8-00\Selenium_Learning\src\main\resources
2026-06-25 09:10:41,097 [Worker-36: Building] INFO  o.a.m.s.f.DefaultMavenResourcesFiltering - skip non existing resourceDirectory C:\Users\Admin\Automation TTS 8-00\Selenium_Learning\src\test\resources
2026-06-25 09:11:46,485 [Worker-36: Building] INFO  o.a.m.s.f.DefaultMavenResourcesFiltering - skip non existing resourceDirectory C:\Users\Admin\Automation TTS 8-00\Selenium_Learning\src\main\resources
2026-06-25 09:11:46,487 [Worker-36: Building] INFO  o.a.m.s.f.DefaultMavenResourcesFiltering - skip non existing resourceDirectory C:\Users\Admin\Automation TTS 8-00\Selenium_Learning\src\test\resources
2026-06-25 09:11:47,539 [Worker-38: Building] INFO  o.a.m.s.f.DefaultMavenResourcesFiltering - skip non existing resourceDirectory C:\Users\Admin\Automation TTS 8-00\Selenium_Learning\src\main\resources
2026-06-25 09:11:47,540 [Worker-38: Building] INFO  o.a.m.s.f.DefaultMavenResourcesFiltering - skip non existing resourceDirectory C:\Users\Admin\Automation TTS 8-00\Selenium_Learning\src\test\resources
2026-06-25 09:12:41,569 [Worker-40: Building] INFO  o.a.m.s.f.DefaultMavenResourcesFiltering - skip non existing resourceDirectory C:\Users\Admin\Automation TTS 8-00\Selenium_Learning\src\main\resources
2026-06-25 09:12:41,570 [Worker-40: Building] INFO  o.a.m.s.f.DefaultMavenResourcesFiltering - skip non existing resourceDirectory C:\Users\Admin\Automation TTS 8-00\Selenium_Learning\src\test\resources
2026-06-25 09:13:05,047 [Worker-41: Building] INFO  o.a.m.s.f.DefaultMavenResourcesFiltering - skip non existing resourceDirectory C:\Users\Admin\Automation TTS 8-00\Selenium_Learning\src\main\resources
2026-06-25 09:13:05,048 [Worker-41: Building] INFO  o.a.m.s.f.DefaultMavenResourcesFiltering - skip non existing resourceDirectory C:\Users\Admin\Automation TTS 8-00\Selenium_Learning\src\test\resources
2026-06-25 09:14:20,086 [Worker-34: Building] INFO  o.a.m.s.f.DefaultMavenResourcesFiltering - skip non existing resourceDirectory C:\Users\Admin\Automation TTS 8-00\Selenium_Learning\src\main\resources
2026-06-25 09:14:20,087 [Worker-34: Building] INFO  o.a.m.s.f.DefaultMavenResourcesFiltering - skip non existing resourceDirectory C:\Users\Admin\Automation TTS 8-00\Selenium_Learning\src\test\resources
2026-06-25 09:14:48,525 [Worker-36: Building] INFO  o.a.m.s.f.DefaultMavenResourcesFiltering - skip non existing resourceDirectory C:\Users\Admin\Automation TTS 8-00\Selenium_Learning\src\main\resources
2026-06-25 09:14:48,526 [Worker-36: Building] INFO  o.a.m.s.f.DefaultMavenResourcesFiltering - skip non existing resourceDirectory C:\Users\Admin\Automation TTS 8-00\Selenium_Learning\src\test\resources
2026-06-25 09:14:55,745 [Worker-38: Building] INFO  o.a.m.s.f.DefaultMavenResourcesFiltering - skip non existing resourceDirectory C:\Users\Admin\Automation TTS 8-00\Selenium_Learning\src\main\resources
2026-06-25 09:14:55,747 [Worker-38: Building] INFO  o.a.m.s.f.DefaultMavenResourcesFiltering - skip non existing resourceDirectory C:\Users\Admin\Automation TTS 8-00\Selenium_Learning\src\test\resources
2026-06-25 09:14:56,876 [Worker-36: Building] INFO  o.a.m.s.f.DefaultMavenResourcesFiltering - skip non existing resourceDirectory C:\Users\Admin\Automation TTS 8-00\Selenium_Learning\src\main\resources
2026-06-25 09:14:56,877 [Worker-36: Building] INFO  o.a.m.s.f.DefaultMavenResourcesFiltering - skip non existing resourceDirectory C:\Users\Admin\Automation TTS 8-00\Selenium_Learning\src\test\resources
2026-06-25 09:15:20,346 [Worker-34: Building] INFO  o.a.m.s.f.DefaultMavenResourcesFiltering - skip non existing resourceDirectory C:\Users\Admin\Automation TTS 8-00\Selenium_Learning\src\main\resources
2026-06-25 09:15:20,347 [Worker-34: Building] INFO  o.a.m.s.f.DefaultMavenResourcesFiltering - skip non existing resourceDirectory C:\Users\Admin\Automation TTS 8-00\Selenium_Learning\src\test\resources
2026-06-25 09:15:48,588 [Worker-34: Building] INFO  o.a.m.s.f.DefaultMavenResourcesFiltering - skip non existing resourceDirectory C:\Users\Admin\Automation TTS 8-00\Selenium_Learning\src\main\resources
2026-06-25 09:15:48,589 [Worker-34: Building] INFO  o.a.m.s.f.DefaultMavenResourcesFiltering - skip non existing resourceDirectory C:\Users\Admin\Automation TTS 8-00\Selenium_Learning\src\test\resources
2026-06-25 09:16:30,235 [Worker-32: Building] INFO  o.a.m.s.f.DefaultMavenResourcesFiltering - skip non existing resourceDirectory C:\Users\Admin\Automation TTS 8-00\Selenium_Learning\src\main\resources
2026-06-25 09:16:30,237 [Worker-32: Building] INFO  o.a.m.s.f.DefaultMavenResourcesFiltering - skip non existing resourceDirectory C:\Users\Admin\Automation TTS 8-00\Selenium_Learning\src\test\resources
2026-06-25 09:16:31,317 [Worker-38: Building] INFO  o.a.m.s.f.DefaultMavenResourcesFiltering - skip non existing resourceDirectory C:\Users\Admin\Automation TTS 8-00\Selenium_Learning\src\main\resources
2026-06-25 09:16:31,318 [Worker-38: Building] INFO  o.a.m.s.f.DefaultMavenResourcesFiltering - skip non existing resourceDirectory C:\Users\Admin\Automation TTS 8-00\Selenium_Learning\src\test\resources
2026-06-25 09:17:39,478 [Worker-32: Building] INFO  o.a.m.s.f.DefaultMavenResourcesFiltering - skip non existing resourceDirectory C:\Users\Admin\Automation TTS 8-00\Selenium_Learning\src\main\resources
2026-06-25 09:17:39,479 [Worker-32: Building] INFO  o.a.m.s.f.DefaultMavenResourcesFiltering - skip non existing resourceDirectory C:\Users\Admin\Automation TTS 8-00\Selenium_Learning\src\test\resources
2026-06-25 09:17:44,114 [Worker-36: Building] INFO  o.a.m.s.f.DefaultMavenResourcesFiltering - skip non existing resourceDirectory C:\Users\Admin\Automation TTS 8-00\Selenium_Learning\src\main\resources
2026-06-25 09:17:44,116 [Worker-36: Building] INFO  o.a.m.s.f.DefaultMavenResourcesFiltering - skip non existing resourceDirectory C:\Users\Admin\Automation TTS 8-00\Selenium_Learning\src\test\resources
2026-06-25 09:25:05,008 [Worker-44: Building] INFO  o.a.m.s.f.DefaultMavenResourcesFiltering - skip non existing resourceDirectory C:\Users\Admin\Automation TTS 8-00\Selenium_Learning\src\main\resources
2026-06-25 09:25:05,010 [Worker-44: Building] INFO  o.a.m.s.f.DefaultMavenResourcesFiltering - skip non existing resourceDirectory C:\Users\Admin\Automation TTS 8-00\Selenium_Learning\src\test\resources
2026-06-25 09:25:19,740 [Worker-38: Building] INFO  o.a.m.s.f.DefaultMavenResourcesFiltering - skip non existing resourceDirectory C:\Users\Admin\Automation TTS 8-00\Selenium_Learning\src\main\resources
2026-06-25 09:25:19,741 [Worker-38: Building] INFO  o.a.m.s.f.DefaultMavenResourcesFiltering - skip non existing resourceDirectory C:\Users\Admin\Automation TTS 8-00\Selenium_Learning\src\test\resources
2026-06-25 09:25:22,689 [Worker-44: Building] INFO  o.a.m.s.f.DefaultMavenResourcesFiltering - skip non existing resourceDirectory C:\Users\Admin\Automation TTS 8-00\Selenium_Learning\src\main\resources
2026-06-25 09:25:22,690 [Worker-44: Building] INFO  o.a.m.s.f.DefaultMavenResourcesFiltering - skip non existing resourceDirectory C:\Users\Admin\Automation TTS 8-00\Selenium_Learning\src\test\resources
2026-06-25 09:25:49,234 [Worker-43: Building] INFO  o.a.m.s.f.DefaultMavenResourcesFiltering - skip non existing resourceDirectory C:\Users\Admin\Automation TTS 8-00\Selenium_Learning\src\main\resources
2026-06-25 09:25:49,235 [Worker-43: Building] INFO  o.a.m.s.f.DefaultMavenResourcesFiltering - skip non existing resourceDirectory C:\Users\Admin\Automation TTS 8-00\Selenium_Learning\src\test\resources
2026-06-25 09:27:04,259 [Worker-43: Building] INFO  o.a.m.s.f.DefaultMavenResourcesFiltering - skip non existing resourceDirectory C:\Users\Admin\Automation TTS 8-00\Selenium_Learning\src\main\resources
2026-06-25 09:27:04,260 [Worker-43: Building] INFO  o.a.m.s.f.DefaultMavenResourcesFiltering - skip non existing resourceDirectory C:\Users\Admin\Automation TTS 8-00\Selenium_Learning\src\test\resources
2026-06-25 09:27:11,528 [Worker-46: Building] INFO  o.a.m.s.f.DefaultMavenResourcesFiltering - skip non existing resourceDirectory C:\Users\Admin\Automation TTS 8-00\Selenium_Learning\src\main\resources
2026-06-25 09:27:11,530 [Worker-46: Building] INFO  o.a.m.s.f.DefaultMavenResourcesFiltering - skip non existing resourceDirectory C:\Users\Admin\Automation TTS 8-00\Selenium_Learning\src\test\resources
2026-06-25 09:27:49,264 [Worker-43: Building] INFO  o.a.m.s.f.DefaultMavenResourcesFiltering - skip non existing resourceDirectory C:\Users\Admin\Automation TTS 8-00\Selenium_Learning\src\main\resources
2026-06-25 09:27:49,265 [Worker-43: Building] INFO  o.a.m.s.f.DefaultMavenResourcesFiltering - skip non existing resourceDirectory C:\Users\Admin\Automation TTS 8-00\Selenium_Learning\src\test\resources
2026-06-30 08:30:14,666 [Worker-1: Loading available Gradle versions] INFO  o.e.b.c.i.u.g.PublishedGradleVersions - Gradle version information cache is up-to-date. Trying to read.
2026-06-30 08:31:17,996 [Worker-23: Building] INFO  o.a.m.s.f.DefaultMavenResourcesFiltering - skip non existing resourceDirectory C:\Users\Admin\Automation TTS 8-00\Selenium_Learning\src\main\resources
2026-06-30 08:31:18,001 [Worker-23: Building] INFO  o.a.m.s.f.DefaultMavenResourcesFiltering - skip non existing resourceDirectory C:\Users\Admin\Automation TTS 8-00\Selenium_Learning\src\test\resources
2026-06-30 08:31:46,145 [Worker-15: Building] INFO  o.a.m.s.f.DefaultMavenResourcesFiltering - skip non existing resourceDirectory C:\Users\Admin\Automation TTS 8-00\Selenium_Learning\src\main\resources
2026-06-30 08:31:46,148 [Worker-15: Building] INFO  o.a.m.s.f.DefaultMavenResourcesFiltering - skip non existing resourceDirectory C:\Users\Admin\Automation TTS 8-00\Selenium_Learning\src\test\resources
2026-06-30 08:32:56,994 [Worker-22: Building] INFO  o.a.m.s.f.DefaultMavenResourcesFiltering - skip non existing resourceDirectory C:\Users\Admin\Automation TTS 8-00\Selenium_Learning\src\main\resources
2026-06-30 08:32:56,997 [Worker-22: Building] INFO  o.a.m.s.f.DefaultMavenResourcesFiltering - skip non existing resourceDirectory C:\Users\Admin\Automation TTS 8-00\Selenium_Learning\src\test\resources
2026-06-30 08:34:59,902 [Worker-11: Building] INFO  o.a.m.s.f.DefaultMavenResourcesFiltering - skip non existing resourceDirectory C:\Users\Admin\Automation TTS 8-00\Selenium_Learning\src\main\resources
2026-06-30 08:34:59,906 [Worker-11: Building] INFO  o.a.m.s.f.DefaultMavenResourcesFiltering - skip non existing resourceDirectory C:\Users\Admin\Automation TTS 8-00\Selenium_Learning\src\test\resources
2026-06-30 08:35:12,514 [Worker-18: Building] INFO  o.a.m.s.f.DefaultMavenResourcesFiltering - skip non existing resourceDirectory C:\Users\Admin\Automation TTS 8-00\Selenium_Learning\src\main\resources
2026-06-30 08:35:12,517 [Worker-18: Building] INFO  o.a.m.s.f.DefaultMavenResourcesFiltering - skip non existing resourceDirectory C:\Users\Admin\Automation TTS 8-00\Selenium_Learning\src\test\resources
2026-06-30 08:35:20,463 [Worker-12: Building] INFO  o.a.m.s.f.DefaultMavenResourcesFiltering - skip non existing resourceDirectory C:\Users\Admin\Automation TTS 8-00\Selenium_Learning\src\main\resources
2026-06-30 08:35:20,465 [Worker-12: Building] INFO  o.a.m.s.f.DefaultMavenResourcesFiltering - skip non existing resourceDirectory C:\Users\Admin\Automation TTS 8-00\Selenium_Learning\src\test\resources
2026-06-30 08:35:34,045 [Worker-3: Building] INFO  o.a.m.s.f.DefaultMavenResourcesFiltering - skip non existing resourceDirectory C:\Users\Admin\Automation TTS 8-00\Selenium_Learning\src\main\resources
2026-06-30 08:35:34,048 [Worker-3: Building] INFO  o.a.m.s.f.DefaultMavenResourcesFiltering - skip non existing resourceDirectory C:\Users\Admin\Automation TTS 8-00\Selenium_Learning\src\test\resources
2026-06-30 08:35:52,086 [Worker-13: Building] INFO  o.a.m.s.f.DefaultMavenResourcesFiltering - skip non existing resourceDirectory C:\Users\Admin\Automation TTS 8-00\Selenium_Learning\src\main\resources
2026-06-30 08:35:52,087 [Worker-13: Building] INFO  o.a.m.s.f.DefaultMavenResourcesFiltering - skip non existing resourceDirectory C:\Users\Admin\Automation TTS 8-00\Selenium_Learning\src\test\resources
2026-06-30 08:36:05,329 [Worker-3: Building] INFO  o.a.m.s.f.DefaultMavenResourcesFiltering - skip non existing resourceDirectory C:\Users\Admin\Automation TTS 8-00\Selenium_Learning\src\main\resources
2026-06-30 08:36:05,331 [Worker-3: Building] INFO  o.a.m.s.f.DefaultMavenResourcesFiltering - skip non existing resourceDirectory C:\Users\Admin\Automation TTS 8-00\Selenium_Learning\src\test\resources
2026-06-30 08:36:30,092 [Worker-27: Building] INFO  o.a.m.s.f.DefaultMavenResourcesFiltering - skip non existing resourceDirectory C:\Users\Admin\Automation TTS 8-00\Selenium_Learning\src\main\resources
2026-06-30 08:36:30,094 [Worker-27: Building] INFO  o.a.m.s.f.DefaultMavenResourcesFiltering - skip non existing resourceDirectory C:\Users\Admin\Automation TTS 8-00\Selenium_Learning\src\test\resources
2026-06-30 08:36:43,194 [Worker-7: Building] INFO  o.a.m.s.f.DefaultMavenResourcesFiltering - skip non existing resourceDirectory C:\Users\Admin\Automation TTS 8-00\Selenium_Learning\src\main\resources
2026-06-30 08:36:43,197 [Worker-7: Building] INFO  o.a.m.s.f.DefaultMavenResourcesFiltering - skip non existing resourceDirectory C:\Users\Admin\Automation TTS 8-00\Selenium_Learning\src\test\resources
2026-06-30 08:37:00,860 [Worker-18: Building] INFO  o.a.m.s.f.DefaultMavenResourcesFiltering - skip non existing resourceDirectory C:\Users\Admin\Automation TTS 8-00\Selenium_Learning\src\main\resources
2026-06-30 08:37:00,862 [Worker-18: Building] INFO  o.a.m.s.f.DefaultMavenResourcesFiltering - skip non existing resourceDirectory C:\Users\Admin\Automation TTS 8-00\Selenium_Learning\src\test\resources
2026-06-30 08:37:10,445 [Worker-4: Building] INFO  o.a.m.s.f.DefaultMavenResourcesFiltering - skip non existing resourceDirectory C:\Users\Admin\Automation TTS 8-00\Selenium_Learning\src\main\resources
2026-06-30 08:37:10,449 [Worker-4: Building] INFO  o.a.m.s.f.DefaultMavenResourcesFiltering - skip non existing resourceDirectory C:\Users\Admin\Automation TTS 8-00\Selenium_Learning\src\test\resources
2026-06-30 08:37:11,564 [Worker-27: Building] INFO  o.a.m.s.f.DefaultMavenResourcesFiltering - skip non existing resourceDirectory C:\Users\Admin\Automation TTS 8-00\Selenium_Learning\src\main\resources
2026-06-30 08:37:11,568 [Worker-27: Building] INFO  o.a.m.s.f.DefaultMavenResourcesFiltering - skip non existing resourceDirectory C:\Users\Admin\Automation TTS 8-00\Selenium_Learning\src\test\resources
2026-06-30 08:38:31,639 [Worker-10: Building] INFO  o.a.m.s.f.DefaultMavenResourcesFiltering - skip non existing resourceDirectory C:\Users\Admin\Automation TTS 8-00\Selenium_Learning\src\main\resources
2026-06-30 08:38:31,640 [Worker-10: Building] INFO  o.a.m.s.f.DefaultMavenResourcesFiltering - skip non existing resourceDirectory C:\Users\Admin\Automation TTS 8-00\Selenium_Learning\src\test\resources
2026-06-30 08:38:41,710 [Worker-5: Building] INFO  o.a.m.s.f.DefaultMavenResourcesFiltering - skip non existing resourceDirectory C:\Users\Admin\Automation TTS 8-00\Selenium_Learning\src\main\resources
2026-06-30 08:38:41,712 [Worker-5: Building] INFO  o.a.m.s.f.DefaultMavenResourcesFiltering - skip non existing resourceDirectory C:\Users\Admin\Automation TTS 8-00\Selenium_Learning\src\test\resources
2026-06-30 08:38:49,248 [Worker-11: Building] INFO  o.a.m.s.f.DefaultMavenResourcesFiltering - skip non existing resourceDirectory C:\Users\Admin\Automation TTS 8-00\Selenium_Learning\src\main\resources
2026-06-30 08:38:49,252 [Worker-11: Building] INFO  o.a.m.s.f.DefaultMavenResourcesFiltering - skip non existing resourceDirectory C:\Users\Admin\Automation TTS 8-00\Selenium_Learning\src\test\resources
2026-06-30 08:38:52,806 [Worker-12: Building] INFO  o.a.m.s.f.DefaultMavenResourcesFiltering - skip non existing resourceDirectory C:\Users\Admin\Automation TTS 8-00\Selenium_Learning\src\main\resources
2026-06-30 08:38:52,808 [Worker-12: Building] INFO  o.a.m.s.f.DefaultMavenResourcesFiltering - skip non existing resourceDirectory C:\Users\Admin\Automation TTS 8-00\Selenium_Learning\src\test\resources
2026-06-30 08:42:41,910 [Worker-30: Building] INFO  o.a.m.s.f.DefaultMavenResourcesFiltering - skip non existing resourceDirectory C:\Users\Admin\Automation TTS 8-00\Selenium_Learning\src\main\resources
2026-06-30 08:42:41,912 [Worker-30: Building] INFO  o.a.m.s.f.DefaultMavenResourcesFiltering - skip non existing resourceDirectory C:\Users\Admin\Automation TTS 8-00\Selenium_Learning\src\test\resources
2026-06-30 08:44:27,560 [Worker-5: Building] INFO  o.a.m.s.f.DefaultMavenResourcesFiltering - skip non existing resourceDirectory C:\Users\Admin\Automation TTS 8-00\Selenium_Learning\src\main\resources
2026-06-30 08:44:27,565 [Worker-5: Building] INFO  o.a.m.s.f.DefaultMavenResourcesFiltering - skip non existing resourceDirectory C:\Users\Admin\Automation TTS 8-00\Selenium_Learning\src\test\resources
2026-06-30 08:45:01,859 [Worker-31: Building] INFO  o.a.m.s.f.DefaultMavenResourcesFiltering - skip non existing resourceDirectory C:\Users\Admin\Automation TTS 8-00\Selenium_Learning\src\main\resources
2026-06-30 08:45:01,863 [Worker-31: Building] INFO  o.a.m.s.f.DefaultMavenResourcesFiltering - skip non existing resourceDirectory C:\Users\Admin\Automation TTS 8-00\Selenium_Learning\src\test\resources
2026-06-30 08:46:43,498 [Worker-29: Building] INFO  o.a.m.s.f.DefaultMavenResourcesFiltering - skip non existing resourceDirectory C:\Users\Admin\Automation TTS 8-00\Selenium_Learning\src\main\resources
2026-06-30 08:46:43,501 [Worker-29: Building] INFO  o.a.m.s.f.DefaultMavenResourcesFiltering - skip non existing resourceDirectory C:\Users\Admin\Automation TTS 8-00\Selenium_Learning\src\test\resources
2026-06-30 08:46:57,063 [Worker-29: Building] INFO  o.a.m.s.f.DefaultMavenResourcesFiltering - skip non existing resourceDirectory C:\Users\Admin\Automation TTS 8-00\Selenium_Learning\src\main\resources
2026-06-30 08:46:57,064 [Worker-29: Building] INFO  o.a.m.s.f.DefaultMavenResourcesFiltering - skip non existing resourceDirectory C:\Users\Admin\Automation TTS 8-00\Selenium_Learning\src\test\resources
2026-06-30 08:47:43,653 [Worker-36: Building] INFO  o.a.m.s.f.DefaultMavenResourcesFiltering - skip non existing resourceDirectory C:\Users\Admin\Automation TTS 8-00\Selenium_Learning\src\main\resources
2026-06-30 08:47:43,655 [Worker-36: Building] INFO  o.a.m.s.f.DefaultMavenResourcesFiltering - skip non existing resourceDirectory C:\Users\Admin\Automation TTS 8-00\Selenium_Learning\src\test\resources
2026-06-30 08:48:04,831 [Worker-37: Building] INFO  o.a.m.s.f.DefaultMavenResourcesFiltering - skip non existing resourceDirectory C:\Users\Admin\Automation TTS 8-00\Selenium_Learning\src\main\resources
2026-06-30 08:48:04,833 [Worker-37: Building] INFO  o.a.m.s.f.DefaultMavenResourcesFiltering - skip non existing resourceDirectory C:\Users\Admin\Automation TTS 8-00\Selenium_Learning\src\test\resources
2026-06-30 08:48:05,867 [Worker-35: Building] INFO  o.a.m.s.f.DefaultMavenResourcesFiltering - skip non existing resourceDirectory C:\Users\Admin\Automation TTS 8-00\Selenium_Learning\src\main\resources
2026-06-30 08:48:05,868 [Worker-35: Building] INFO  o.a.m.s.f.DefaultMavenResourcesFiltering - skip non existing resourceDirectory C:\Users\Admin\Automation TTS 8-00\Selenium_Learning\src\test\resources
2026-06-30 08:48:17,497 [Worker-34: Building] INFO  o.a.m.s.f.DefaultMavenResourcesFiltering - skip non existing resourceDirectory C:\Users\Admin\Automation TTS 8-00\Selenium_Learning\src\main\resources
2026-06-30 08:48:17,499 [Worker-34: Building] INFO  o.a.m.s.f.DefaultMavenResourcesFiltering - skip non existing resourceDirectory C:\Users\Admin\Automation TTS 8-00\Selenium_Learning\src\test\resources
2026-06-30 08:48:44,555 [Worker-32: Building] INFO  o.a.m.s.f.DefaultMavenResourcesFiltering - skip non existing resourceDirectory C:\Users\Admin\Automation TTS 8-00\Selenium_Learning\src\main\resources
2026-06-30 08:48:44,558 [Worker-32: Building] INFO  o.a.m.s.f.DefaultMavenResourcesFiltering - skip non existing resourceDirectory C:\Users\Admin\Automation TTS 8-00\Selenium_Learning\src\test\resources
2026-06-30 08:48:45,750 [Worker-36: Building] INFO  o.a.m.s.f.DefaultMavenResourcesFiltering - skip non existing resourceDirectory C:\Users\Admin\Automation TTS 8-00\Selenium_Learning\src\main\resources
2026-06-30 08:48:45,752 [Worker-36: Building] INFO  o.a.m.s.f.DefaultMavenResourcesFiltering - skip non existing resourceDirectory C:\Users\Admin\Automation TTS 8-00\Selenium_Learning\src\test\resources
2026-06-30 08:48:47,801 [Worker-34: Building] INFO  o.a.m.s.f.DefaultMavenResourcesFiltering - skip non existing resourceDirectory C:\Users\Admin\Automation TTS 8-00\Selenium_Learning\src\main\resources
2026-06-30 08:48:47,803 [Worker-34: Building] INFO  o.a.m.s.f.DefaultMavenResourcesFiltering - skip non existing resourceDirectory C:\Users\Admin\Automation TTS 8-00\Selenium_Learning\src\test\resources
2026-06-30 08:49:50,475 [Worker-29: Building] INFO  o.a.m.s.f.DefaultMavenResourcesFiltering - skip non existing resourceDirectory C:\Users\Admin\Automation TTS 8-00\Selenium_Learning\src\main\resources
2026-06-30 08:49:50,477 [Worker-29: Building] INFO  o.a.m.s.f.DefaultMavenResourcesFiltering - skip non existing resourceDirectory C:\Users\Admin\Automation TTS 8-00\Selenium_Learning\src\test\resources
2026-06-30 08:49:57,695 [Worker-35: Building] INFO  o.a.m.s.f.DefaultMavenResourcesFiltering - skip non existing resourceDirectory C:\Users\Admin\Automation TTS 8-00\Selenium_Learning\src\main\resources
2026-06-30 08:49:57,696 [Worker-35: Building] INFO  o.a.m.s.f.DefaultMavenResourcesFiltering - skip non existing resourceDirectory C:\Users\Admin\Automation TTS 8-00\Selenium_Learning\src\test\resources
2026-06-30 08:50:38,356 [Worker-36: Building] INFO  o.a.m.s.f.DefaultMavenResourcesFiltering - skip non existing resourceDirectory C:\Users\Admin\Automation TTS 8-00\Selenium_Learning\src\main\resources
2026-06-30 08:50:38,358 [Worker-36: Building] INFO  o.a.m.s.f.DefaultMavenResourcesFiltering - skip non existing resourceDirectory C:\Users\Admin\Automation TTS 8-00\Selenium_Learning\src\test\resources
2026-06-30 08:51:09,849 [Worker-32: Building] INFO  o.a.m.s.f.DefaultMavenResourcesFiltering - skip non existing resourceDirectory C:\Users\Admin\Automation TTS 8-00\Selenium_Learning\src\main\resources
2026-06-30 08:51:09,853 [Worker-32: Building] INFO  o.a.m.s.f.DefaultMavenResourcesFiltering - skip non existing resourceDirectory C:\Users\Admin\Automation TTS 8-00\Selenium_Learning\src\test\resources
2026-06-30 08:51:37,773 [Worker-34: Building] INFO  o.a.m.s.f.DefaultMavenResourcesFiltering - skip non existing resourceDirectory C:\Users\Admin\Automation TTS 8-00\Selenium_Learning\src\main\resources
2026-06-30 08:51:37,775 [Worker-34: Building] INFO  o.a.m.s.f.DefaultMavenResourcesFiltering - skip non existing resourceDirectory C:\Users\Admin\Automation TTS 8-00\Selenium_Learning\src\test\resources
2026-06-30 08:51:41,347 [Worker-37: Building] INFO  o.a.m.s.f.DefaultMavenResourcesFiltering - skip non existing resourceDirectory C:\Users\Admin\Automation TTS 8-00\Selenium_Learning\src\main\resources
2026-06-30 08:51:41,348 [Worker-37: Building] INFO  o.a.m.s.f.DefaultMavenResourcesFiltering - skip non existing resourceDirectory C:\Users\Admin\Automation TTS 8-00\Selenium_Learning\src\test\resources
2026-06-30 08:59:48,374 [Worker-29: Building] INFO  o.a.m.s.f.DefaultMavenResourcesFiltering - skip non existing resourceDirectory C:\Users\Admin\Automation TTS 8-00\Selenium_Learning\src\main\resources
2026-06-30 08:59:48,377 [Worker-29: Building] INFO  o.a.m.s.f.DefaultMavenResourcesFiltering - skip non existing resourceDirectory C:\Users\Admin\Automation TTS 8-00\Selenium_Learning\src\test\resources
2026-06-30 09:03:07,785 [Worker-6: Loading available Gradle versions] INFO  o.e.b.c.i.u.g.PublishedGradleVersions - Gradle version information cache is up-to-date. Trying to read.
2026-06-30 09:04:04,295 [Worker-22: Building] INFO  o.a.m.s.f.DefaultMavenResourcesFiltering - skip non existing resourceDirectory C:\Users\Admin\Automation TTS 8-00\Selenium_Learning\src\main\resources
2026-06-30 09:04:04,299 [Worker-22: Building] INFO  o.a.m.s.f.DefaultMavenResourcesFiltering - skip non existing resourceDirectory C:\Users\Admin\Automation TTS 8-00\Selenium_Learning\src\test\resources
2026-06-30 09:06:11,734 [Worker-24: Building] INFO  o.e.m.c.i.l.LifecycleMappingFactory - Using org.eclipse.m2e.jdt.JarLifecycleMapping lifecycle mapping for MavenProject: com.selenium:Selenium_Learning:0.0.1-SNAPSHOT @ C:\Users\Admin\Automation TTS 8-00\Selenium_Learning\pom.xml.
2026-06-30 09:06:12,021 [Worker-24: Building] INFO  o.e.m.c.i.e.AbstractTransferListenerAdapter - Downloading https://repo.maven.apache.org/maven2/org/seleniumhq/selenium/selenium-java/4.45.0/selenium-java-4.45.0.pom
2026-06-30 09:06:12,044 [Worker-24: Building] INFO  o.e.m.c.i.e.AbstractTransferListenerAdapter - Downloaded https://repo.maven.apache.org/maven2/org/seleniumhq/selenium/selenium-java/4.45.0/selenium-java-4.45.0.pom
2026-06-30 09:06:12,106 [Worker-24: Building] INFO  o.e.m.c.i.e.AbstractTransferListenerAdapter - Downloading https://repo.maven.apache.org/maven2/org/seleniumhq/selenium/selenium-chrome-driver/4.45.0/selenium-chrome-driver-4.45.0.pom
2026-06-30 09:06:12,114 [Worker-24: Building] INFO  o.e.m.c.i.e.AbstractTransferListenerAdapter - Downloaded https://repo.maven.apache.org/maven2/org/seleniumhq/selenium/selenium-chrome-driver/4.45.0/selenium-chrome-driver-4.45.0.pom
2026-06-30 09:06:12,174 [Worker-24: Building] INFO  o.e.m.c.i.e.AbstractTransferListenerAdapter - Downloading https://repo.maven.apache.org/maven2/org/seleniumhq/selenium/selenium-chromium-driver/4.45.0/selenium-chromium-driver-4.45.0.pom
2026-06-30 09:06:12,187 [Worker-24: Building] INFO  o.e.m.c.i.e.AbstractTransferListenerAdapter - Downloaded https://repo.maven.apache.org/maven2/org/seleniumhq/selenium/selenium-chromium-driver/4.45.0/selenium-chromium-driver-4.45.0.pom
2026-06-30 09:06:12,403 [Worker-24: Building] INFO  o.e.m.c.i.e.AbstractTransferListenerAdapter - Downloading https://repo.maven.apache.org/maven2/org/seleniumhq/selenium/selenium-devtools-latest/4.45.0/selenium-devtools-latest-4.45.0.pom
2026-06-30 09:06:12,412 [Worker-24: Building] INFO  o.e.m.c.i.e.AbstractTransferListenerAdapter - Downloaded https://repo.maven.apache.org/maven2/org/seleniumhq/selenium/selenium-devtools-latest/4.45.0/selenium-devtools-latest-4.45.0.pom
2026-06-30 09:06:12,466 [Worker-24: Building] INFO  o.e.m.c.i.e.AbstractTransferListenerAdapter - Downloading https://repo.maven.apache.org/maven2/org/seleniumhq/selenium/selenium-devtools-v149/4.45.0/selenium-devtools-v149-4.45.0.pom
2026-06-30 09:06:12,475 [Worker-24: Building] INFO  o.e.m.c.i.e.AbstractTransferListenerAdapter - Downloaded https://repo.maven.apache.org/maven2/org/seleniumhq/selenium/selenium-devtools-v149/4.45.0/selenium-devtools-v149-4.45.0.pom
2026-06-30 09:06:12,519 [Worker-24: Building] INFO  o.e.m.c.i.e.AbstractTransferListenerAdapter - Downloading https://repo.maven.apache.org/maven2/org/seleniumhq/selenium/selenium-devtools-v147/4.45.0/selenium-devtools-v147-4.45.0.pom
2026-06-30 09:06:12,558 [Worker-24: Building] INFO  o.e.m.c.i.e.AbstractTransferListenerAdapter - Downloaded https://repo.maven.apache.org/maven2/org/seleniumhq/selenium/selenium-devtools-v147/4.45.0/selenium-devtools-v147-4.45.0.pom
2026-06-30 09:06:12,615 [Worker-24: Building] INFO  o.e.m.c.i.e.AbstractTransferListenerAdapter - Downloading https://repo.maven.apache.org/maven2/org/seleniumhq/selenium/selenium-devtools-v148/4.45.0/selenium-devtools-v148-4.45.0.pom
2026-06-30 09:06:12,625 [Worker-24: Building] INFO  o.e.m.c.i.e.AbstractTransferListenerAdapter - Downloaded https://repo.maven.apache.org/maven2/org/seleniumhq/selenium/selenium-devtools-v148/4.45.0/selenium-devtools-v148-4.45.0.pom
2026-06-30 09:06:12,674 [Worker-24: Building] INFO  o.e.m.c.i.e.AbstractTransferListenerAdapter - Downloading https://repo.maven.apache.org/maven2/org/seleniumhq/selenium/selenium-edge-driver/4.45.0/selenium-edge-driver-4.45.0.pom
2026-06-30 09:06:12,683 [Worker-24: Building] INFO  o.e.m.c.i.e.AbstractTransferListenerAdapter - Downloaded https://repo.maven.apache.org/maven2/org/seleniumhq/selenium/selenium-edge-driver/4.45.0/selenium-edge-driver-4.45.0.pom
2026-06-30 09:06:12,735 [Worker-24: Building] INFO  o.e.m.c.i.e.AbstractTransferListenerAdapter - Downloading https://repo.maven.apache.org/maven2/org/seleniumhq/selenium/selenium-firefox-driver/4.45.0/selenium-firefox-driver-4.45.0.pom
2026-06-30 09:06:12,744 [Worker-24: Building] INFO  o.e.m.c.i.e.AbstractTransferListenerAdapter - Downloaded https://repo.maven.apache.org/maven2/org/seleniumhq/selenium/selenium-firefox-driver/4.45.0/selenium-firefox-driver-4.45.0.pom
2026-06-30 09:06:12,790 [Worker-24: Building] INFO  o.e.m.c.i.e.AbstractTransferListenerAdapter - Downloading https://repo.maven.apache.org/maven2/org/seleniumhq/selenium/selenium-ie-driver/4.45.0/selenium-ie-driver-4.45.0.pom
2026-06-30 09:06:12,797 [Worker-24: Building] INFO  o.e.m.c.i.e.AbstractTransferListenerAdapter - Downloaded https://repo.maven.apache.org/maven2/org/seleniumhq/selenium/selenium-ie-driver/4.45.0/selenium-ie-driver-4.45.0.pom
2026-06-30 09:06:12,840 [Worker-24: Building] INFO  o.e.m.c.i.e.AbstractTransferListenerAdapter - Downloading https://repo.maven.apache.org/maven2/org/seleniumhq/selenium/selenium-safari-driver/4.45.0/selenium-safari-driver-4.45.0.pom
2026-06-30 09:06:12,846 [Worker-24: Building] INFO  o.e.m.c.i.e.AbstractTransferListenerAdapter - Downloaded https://repo.maven.apache.org/maven2/org/seleniumhq/selenium/selenium-safari-driver/4.45.0/selenium-safari-driver-4.45.0.pom
2026-06-30 09:06:12,982 [Worker-24: Building] INFO  o.e.m.c.i.e.AbstractTransferListenerAdapter - Downloading https://repo.maven.apache.org/maven2/org/seleniumhq/selenium/selenium-java/4.45.0/selenium-java-4.45.0.jar
2026-06-30 09:06:12,988 [Worker-24: Building] INFO  o.e.m.c.i.e.AbstractTransferListenerAdapter - Downloaded https://repo.maven.apache.org/maven2/org/seleniumhq/selenium/selenium-java/4.45.0/selenium-java-4.45.0.jar
2026-06-30 09:06:13,029 [BasicRepositoryConnector-repo.maven.apache.org-0-0] INFO  o.e.m.c.i.e.AbstractTransferListenerAdapter - Downloading https://repo.maven.apache.org/maven2/org/seleniumhq/selenium/selenium-chrome-driver/4.45.0/selenium-chrome-driver-4.45.0.jar
2026-06-30 09:06:13,038 [BasicRepositoryConnector-repo.maven.apache.org-0-0] INFO  o.e.m.c.i.e.AbstractTransferListenerAdapter - Downloaded https://repo.maven.apache.org/maven2/org/seleniumhq/selenium/selenium-chrome-driver/4.45.0/selenium-chrome-driver-4.45.0.jar
2026-06-30 09:06:13,074 [BasicRepositoryConnector-repo.maven.apache.org-0-0] INFO  o.e.m.c.i.e.AbstractTransferListenerAdapter - Downloading https://repo.maven.apache.org/maven2/org/seleniumhq/selenium/selenium-devtools-v149/4.45.0/selenium-devtools-v149-4.45.0.jar
2026-06-30 09:06:13,095 [BasicRepositoryConnector-repo.maven.apache.org-0-1] INFO  o.e.m.c.i.e.AbstractTransferListenerAdapter - Downloading https://repo.maven.apache.org/maven2/org/seleniumhq/selenium/selenium-chromium-driver/4.45.0/selenium-chromium-driver-4.45.0.jar
2026-06-30 09:06:13,099 [BasicRepositoryConnector-repo.maven.apache.org-0-4] INFO  o.e.m.c.i.e.AbstractTransferListenerAdapter - Downloading https://repo.maven.apache.org/maven2/org/seleniumhq/selenium/selenium-devtools-v148/4.45.0/selenium-devtools-v148-4.45.0.jar
2026-06-30 09:06:13,099 [BasicRepositoryConnector-repo.maven.apache.org-0-2] INFO  o.e.m.c.i.e.AbstractTransferListenerAdapter - Downloading https://repo.maven.apache.org/maven2/org/seleniumhq/selenium/selenium-devtools-latest/4.45.0/selenium-devtools-latest-4.45.0.jar
2026-06-30 09:06:13,117 [BasicRepositoryConnector-repo.maven.apache.org-0-3] INFO  o.e.m.c.i.e.AbstractTransferListenerAdapter - Downloading https://repo.maven.apache.org/maven2/org/seleniumhq/selenium/selenium-devtools-v147/4.45.0/selenium-devtools-v147-4.45.0.jar
2026-06-30 09:06:13,144 [BasicRepositoryConnector-repo.maven.apache.org-0-1] INFO  o.e.m.c.i.e.AbstractTransferListenerAdapter - Downloaded https://repo.maven.apache.org/maven2/org/seleniumhq/selenium/selenium-chromium-driver/4.45.0/selenium-chromium-driver-4.45.0.jar
2026-06-30 09:06:13,178 [BasicRepositoryConnector-repo.maven.apache.org-0-1] INFO  o.e.m.c.i.e.AbstractTransferListenerAdapter - Downloading https://repo.maven.apache.org/maven2/org/seleniumhq/selenium/selenium-edge-driver/4.45.0/selenium-edge-driver-4.45.0.jar
2026-06-30 09:06:13,189 [BasicRepositoryConnector-repo.maven.apache.org-0-1] INFO  o.e.m.c.i.e.AbstractTransferListenerAdapter - Downloaded https://repo.maven.apache.org/maven2/org/seleniumhq/selenium/selenium-edge-driver/4.45.0/selenium-edge-driver-4.45.0.jar
2026-06-30 09:06:13,223 [BasicRepositoryConnector-repo.maven.apache.org-0-1] INFO  o.e.m.c.i.e.AbstractTransferListenerAdapter - Downloading https://repo.maven.apache.org/maven2/org/seleniumhq/selenium/selenium-firefox-driver/4.45.0/selenium-firefox-driver-4.45.0.jar
2026-06-30 09:06:13,245 [BasicRepositoryConnector-repo.maven.apache.org-0-1] INFO  o.e.m.c.i.e.AbstractTransferListenerAdapter - Downloaded https://repo.maven.apache.org/maven2/org/seleniumhq/selenium/selenium-firefox-driver/4.45.0/selenium-firefox-driver-4.45.0.jar
2026-06-30 09:06:13,274 [BasicRepositoryConnector-repo.maven.apache.org-0-1] INFO  o.e.m.c.i.e.AbstractTransferListenerAdapter - Downloading https://repo.maven.apache.org/maven2/org/seleniumhq/selenium/selenium-ie-driver/4.45.0/selenium-ie-driver-4.45.0.jar
2026-06-30 09:06:13,282 [BasicRepositoryConnector-repo.maven.apache.org-0-1] INFO  o.e.m.c.i.e.AbstractTransferListenerAdapter - Downloaded https://repo.maven.apache.org/maven2/org/seleniumhq/selenium/selenium-ie-driver/4.45.0/selenium-ie-driver-4.45.0.jar
2026-06-30 09:06:13,283 [BasicRepositoryConnector-repo.maven.apache.org-0-0] INFO  o.e.m.c.i.e.AbstractTransferListenerAdapter - Downloaded https://repo.maven.apache.org/maven2/org/seleniumhq/selenium/selenium-devtools-v149/4.45.0/selenium-devtools-v149-4.45.0.jar
2026-06-30 09:06:13,307 [BasicRepositoryConnector-repo.maven.apache.org-0-4] INFO  o.e.m.c.i.e.AbstractTransferListenerAdapter - Downloaded https://repo.maven.apache.org/maven2/org/seleniumhq/selenium/selenium-devtools-v148/4.45.0/selenium-devtools-v148-4.45.0.jar
2026-06-30 09:06:13,312 [BasicRepositoryConnector-repo.maven.apache.org-0-1] INFO  o.e.m.c.i.e.AbstractTransferListenerAdapter - Downloading https://repo.maven.apache.org/maven2/org/seleniumhq/selenium/selenium-safari-driver/4.45.0/selenium-safari-driver-4.45.0.jar
2026-06-30 09:06:13,325 [BasicRepositoryConnector-repo.maven.apache.org-0-3] INFO  o.e.m.c.i.e.AbstractTransferListenerAdapter - Downloaded https://repo.maven.apache.org/maven2/org/seleniumhq/selenium/selenium-devtools-v147/4.45.0/selenium-devtools-v147-4.45.0.jar
2026-06-30 09:06:13,327 [BasicRepositoryConnector-repo.maven.apache.org-0-1] INFO  o.e.m.c.i.e.AbstractTransferListenerAdapter - Downloaded https://repo.maven.apache.org/maven2/org/seleniumhq/selenium/selenium-safari-driver/4.45.0/selenium-safari-driver-4.45.0.jar
2026-06-30 09:06:13,338 [BasicRepositoryConnector-repo.maven.apache.org-0-2] INFO  o.e.m.c.i.e.AbstractTransferListenerAdapter - Downloaded https://repo.maven.apache.org/maven2/org/seleniumhq/selenium/selenium-devtools-latest/4.45.0/selenium-devtools-latest-4.45.0.jar
2026-06-30 09:06:13,918 [Worker-24: Building] INFO  o.a.m.s.f.DefaultMavenResourcesFiltering - skip non existing resourceDirectory C:\Users\Admin\Automation TTS 8-00\Selenium_Learning\src\main\resources
2026-06-30 09:06:13,925 [Worker-24: Building] INFO  o.a.m.s.f.DefaultMavenResourcesFiltering - skip non existing resourceDirectory C:\Users\Admin\Automation TTS 8-00\Selenium_Learning\src\test\resources
2026-06-30 09:06:14,712 [Worker-11: Download sources and javadoc] INFO  o.e.m.c.i.e.AbstractTransferListenerAdapter - Downloading https://repo.maven.apache.org/maven2/org/seleniumhq/selenium/selenium-java/4.45.0/selenium-java-4.45.0-sources.jar
2026-06-30 09:06:14,721 [Worker-11: Download sources and javadoc] INFO  o.e.m.c.i.e.AbstractTransferListenerAdapter - Downloaded https://repo.maven.apache.org/maven2/org/seleniumhq/selenium/selenium-java/4.45.0/selenium-java-4.45.0-sources.jar
2026-06-30 09:06:14,730 [Worker-11: Download sources and javadoc] INFO  o.e.m.j.internal.DownloadSourcesJob - Downloaded sources for org.seleniumhq.selenium:selenium-java:4.45.0
2026-06-30 09:06:14,853 [Worker-11: Download sources and javadoc] INFO  o.e.m.c.i.e.AbstractTransferListenerAdapter - Downloading https://repo.maven.apache.org/maven2/org/seleniumhq/selenium/selenium-chrome-driver/4.45.0/selenium-chrome-driver-4.45.0-sources.jar
2026-06-30 09:06:14,880 [Worker-11: Download sources and javadoc] INFO  o.e.m.c.i.e.AbstractTransferListenerAdapter - Downloaded https://repo.maven.apache.org/maven2/org/seleniumhq/selenium/selenium-chrome-driver/4.45.0/selenium-chrome-driver-4.45.0-sources.jar
2026-06-30 09:06:14,903 [Worker-11: Download sources and javadoc] INFO  o.e.m.j.internal.DownloadSourcesJob - Downloaded sources for org.seleniumhq.selenium:selenium-chrome-driver:4.45.0
2026-06-30 09:06:15,015 [Worker-11: Download sources and javadoc] INFO  o.e.m.c.i.e.AbstractTransferListenerAdapter - Downloading https://repo.maven.apache.org/maven2/org/seleniumhq/selenium/selenium-chromium-driver/4.45.0/selenium-chromium-driver-4.45.0-sources.jar
2026-06-30 09:06:15,029 [Worker-11: Download sources and javadoc] INFO  o.e.m.c.i.e.AbstractTransferListenerAdapter - Downloaded https://repo.maven.apache.org/maven2/org/seleniumhq/selenium/selenium-chromium-driver/4.45.0/selenium-chromium-driver-4.45.0-sources.jar
2026-06-30 09:06:15,038 [Worker-11: Download sources and javadoc] INFO  o.e.m.j.internal.DownloadSourcesJob - Downloaded sources for org.seleniumhq.selenium:selenium-chromium-driver:4.45.0
2026-06-30 09:06:15,149 [Worker-11: Download sources and javadoc] INFO  o.e.m.c.i.e.AbstractTransferListenerAdapter - Downloading https://repo.maven.apache.org/maven2/org/seleniumhq/selenium/selenium-devtools-latest/4.45.0/selenium-devtools-latest-4.45.0-sources.jar
2026-06-30 09:06:15,295 [Worker-11: Download sources and javadoc] INFO  o.e.m.c.i.e.AbstractTransferListenerAdapter - Downloaded https://repo.maven.apache.org/maven2/org/seleniumhq/selenium/selenium-devtools-latest/4.45.0/selenium-devtools-latest-4.45.0-sources.jar
2026-06-30 09:06:15,303 [Worker-11: Download sources and javadoc] INFO  o.e.m.j.internal.DownloadSourcesJob - Downloaded sources for org.seleniumhq.selenium:selenium-devtools-latest:4.45.0
2026-06-30 09:06:15,422 [Worker-11: Download sources and javadoc] INFO  o.e.m.c.i.e.AbstractTransferListenerAdapter - Downloading https://repo.maven.apache.org/maven2/org/seleniumhq/selenium/selenium-devtools-v147/4.45.0/selenium-devtools-v147-4.45.0-sources.jar
2026-06-30 09:06:15,563 [Worker-11: Download sources and javadoc] INFO  o.e.m.c.i.e.AbstractTransferListenerAdapter - Downloaded https://repo.maven.apache.org/maven2/org/seleniumhq/selenium/selenium-devtools-v147/4.45.0/selenium-devtools-v147-4.45.0-sources.jar
2026-06-30 09:06:15,572 [Worker-11: Download sources and javadoc] INFO  o.e.m.j.internal.DownloadSourcesJob - Downloaded sources for org.seleniumhq.selenium:selenium-devtools-v147:4.45.0
2026-06-30 09:06:15,678 [Worker-11: Download sources and javadoc] INFO  o.e.m.c.i.e.AbstractTransferListenerAdapter - Downloading https://repo.maven.apache.org/maven2/org/seleniumhq/selenium/selenium-devtools-v148/4.45.0/selenium-devtools-v148-4.45.0-sources.jar
2026-06-30 09:06:15,835 [Worker-11: Download sources and javadoc] INFO  o.e.m.c.i.e.AbstractTransferListenerAdapter - Downloaded https://repo.maven.apache.org/maven2/org/seleniumhq/selenium/selenium-devtools-v148/4.45.0/selenium-devtools-v148-4.45.0-sources.jar
2026-06-30 09:06:15,859 [Worker-11: Download sources and javadoc] INFO  o.e.m.j.internal.DownloadSourcesJob - Downloaded sources for org.seleniumhq.selenium:selenium-devtools-v148:4.45.0
2026-06-30 09:06:15,969 [Worker-11: Download sources and javadoc] INFO  o.e.m.c.i.e.AbstractTransferListenerAdapter - Downloading https://repo.maven.apache.org/maven2/org/seleniumhq/selenium/selenium-devtools-v149/4.45.0/selenium-devtools-v149-4.45.0-sources.jar
2026-06-30 09:06:16,188 [Worker-11: Download sources and javadoc] INFO  o.e.m.c.i.e.AbstractTransferListenerAdapter - Downloaded https://repo.maven.apache.org/maven2/org/seleniumhq/selenium/selenium-devtools-v149/4.45.0/selenium-devtools-v149-4.45.0-sources.jar
2026-06-30 09:06:16,202 [Worker-11: Download sources and javadoc] INFO  o.e.m.j.internal.DownloadSourcesJob - Downloaded sources for org.seleniumhq.selenium:selenium-devtools-v149:4.45.0
2026-06-30 09:06:16,310 [Worker-11: Download sources and javadoc] INFO  o.e.m.c.i.e.AbstractTransferListenerAdapter - Downloading https://repo.maven.apache.org/maven2/org/seleniumhq/selenium/selenium-edge-driver/4.45.0/selenium-edge-driver-4.45.0-sources.jar
2026-06-30 09:06:16,357 [Worker-11: Download sources and javadoc] INFO  o.e.m.c.i.e.AbstractTransferListenerAdapter - Downloaded https://repo.maven.apache.org/maven2/org/seleniumhq/selenium/selenium-edge-driver/4.45.0/selenium-edge-driver-4.45.0-sources.jar
2026-06-30 09:06:16,367 [Worker-11: Download sources and javadoc] INFO  o.e.m.j.internal.DownloadSourcesJob - Downloaded sources for org.seleniumhq.selenium:selenium-edge-driver:4.45.0
2026-06-30 09:06:16,496 [Worker-11: Download sources and javadoc] INFO  o.e.m.c.i.e.AbstractTransferListenerAdapter - Downloading https://repo.maven.apache.org/maven2/org/seleniumhq/selenium/selenium-firefox-driver/4.45.0/selenium-firefox-driver-4.45.0-sources.jar
2026-06-30 09:06:16,521 [Worker-20: Building] INFO  o.a.m.s.f.DefaultMavenResourcesFiltering - skip non existing resourceDirectory C:\Users\Admin\Automation TTS 8-00\Selenium_Learning\src\main\resources
2026-06-30 09:06:16,528 [Worker-20: Building] INFO  o.a.m.s.f.DefaultMavenResourcesFiltering - skip non existing resourceDirectory C:\Users\Admin\Automation TTS 8-00\Selenium_Learning\src\test\resources
2026-06-30 09:06:16,542 [Worker-11: Download sources and javadoc] INFO  o.e.m.c.i.e.AbstractTransferListenerAdapter - Downloaded https://repo.maven.apache.org/maven2/org/seleniumhq/selenium/selenium-firefox-driver/4.45.0/selenium-firefox-driver-4.45.0-sources.jar
2026-06-30 09:06:16,551 [Worker-11: Download sources and javadoc] INFO  o.e.m.j.internal.DownloadSourcesJob - Downloaded sources for org.seleniumhq.selenium:selenium-firefox-driver:4.45.0
2026-06-30 09:06:16,666 [Worker-11: Download sources and javadoc] INFO  o.e.m.c.i.e.AbstractTransferListenerAdapter - Downloading https://repo.maven.apache.org/maven2/org/seleniumhq/selenium/selenium-ie-driver/4.45.0/selenium-ie-driver-4.45.0-sources.jar
2026-06-30 09:06:16,677 [Worker-11: Download sources and javadoc] INFO  o.e.m.c.i.e.AbstractTransferListenerAdapter - Downloaded https://repo.maven.apache.org/maven2/org/seleniumhq/selenium/selenium-ie-driver/4.45.0/selenium-ie-driver-4.45.0-sources.jar
2026-06-30 09:06:16,686 [Worker-11: Download sources and javadoc] INFO  o.e.m.j.internal.DownloadSourcesJob - Downloaded sources for org.seleniumhq.selenium:selenium-ie-driver:4.45.0
2026-06-30 09:06:16,791 [Worker-11: Download sources and javadoc] INFO  o.e.m.c.i.e.AbstractTransferListenerAdapter - Downloading https://repo.maven.apache.org/maven2/org/seleniumhq/selenium/selenium-safari-driver/4.45.0/selenium-safari-driver-4.45.0-sources.jar
2026-06-30 09:06:16,804 [Worker-11: Download sources and javadoc] INFO  o.e.m.c.i.e.AbstractTransferListenerAdapter - Downloaded https://repo.maven.apache.org/maven2/org/seleniumhq/selenium/selenium-safari-driver/4.45.0/selenium-safari-driver-4.45.0-sources.jar
2026-06-30 09:06:16,814 [Worker-11: Download sources and javadoc] INFO  o.e.m.j.internal.DownloadSourcesJob - Downloaded sources for org.seleniumhq.selenium:selenium-safari-driver:4.45.0
2026-06-30 09:09:47,530 [Worker-20: Building] INFO  o.a.m.s.f.DefaultMavenResourcesFiltering - skip non existing resourceDirectory C:\Users\Admin\Automation TTS 8-00\Selenium_Learning\src\main\resources
2026-06-30 09:09:47,534 [Worker-20: Building] INFO  o.a.m.s.f.DefaultMavenResourcesFiltering - skip non existing resourceDirectory C:\Users\Admin\Automation TTS 8-00\Selenium_Learning\src\test\resources
2026-06-30 09:09:48,583 [Worker-10: Building] INFO  o.a.m.s.f.DefaultMavenResourcesFiltering - skip non existing resourceDirectory C:\Users\Admin\Automation TTS 8-00\Selenium_Learning\src\main\resources
2026-06-30 09:09:48,584 [Worker-10: Building] INFO  o.a.m.s.f.DefaultMavenResourcesFiltering - skip non existing resourceDirectory C:\Users\Admin\Automation TTS 8-00\Selenium_Learning\src\test\resources
2026-06-30 09:10:27,444 [Worker-14: Building] INFO  o.a.m.s.f.DefaultMavenResourcesFiltering - skip non existing resourceDirectory C:\Users\Admin\Automation TTS 8-00\Selenium_Learning\src\main\resources
2026-06-30 09:10:27,445 [Worker-14: Building] INFO  o.a.m.s.f.DefaultMavenResourcesFiltering - skip non existing resourceDirectory C:\Users\Admin\Automation TTS 8-00\Selenium_Learning\src\test\resources
2026-06-30 09:11:45,133 [Worker-20: Building] INFO  o.a.m.s.f.DefaultMavenResourcesFiltering - skip non existing resourceDirectory C:\Users\Admin\Automation TTS 8-00\Selenium_Learning\src\main\resources
2026-06-30 09:11:45,134 [Worker-20: Building] INFO  o.a.m.s.f.DefaultMavenResourcesFiltering - skip non existing resourceDirectory C:\Users\Admin\Automation TTS 8-00\Selenium_Learning\src\test\resources
2026-06-30 09:11:46,167 [Worker-22: Building] INFO  o.a.m.s.f.DefaultMavenResourcesFiltering - skip non existing resourceDirectory C:\Users\Admin\Automation TTS 8-00\Selenium_Learning\src\main\resources
2026-06-30 09:11:46,168 [Worker-22: Building] INFO  o.a.m.s.f.DefaultMavenResourcesFiltering - skip non existing resourceDirectory C:\Users\Admin\Automation TTS 8-00\Selenium_Learning\src\test\resources
2026-06-30 09:12:15,390 [Worker-22: Building] INFO  o.a.m.s.f.DefaultMavenResourcesFiltering - skip non existing resourceDirectory C:\Users\Admin\Automation TTS 8-00\Selenium_Learning\src\main\resources
2026-06-30 09:12:15,391 [Worker-22: Building] INFO  o.a.m.s.f.DefaultMavenResourcesFiltering - skip non existing resourceDirectory C:\Users\Admin\Automation TTS 8-00\Selenium_Learning\src\test\resources
2026-06-30 09:12:53,550 [Worker-14: Building] INFO  o.a.m.s.f.DefaultMavenResourcesFiltering - skip non existing resourceDirectory C:\Users\Admin\Automation TTS 8-00\Selenium_Learning\src\main\resources
2026-06-30 09:12:53,552 [Worker-14: Building] INFO  o.a.m.s.f.DefaultMavenResourcesFiltering - skip non existing resourceDirectory C:\Users\Admin\Automation TTS 8-00\Selenium_Learning\src\test\resources
2026-06-30 09:13:09,560 [Worker-22: Building] INFO  o.a.m.s.f.DefaultMavenResourcesFiltering - skip non existing resourceDirectory C:\Users\Admin\Automation TTS 8-00\Selenium_Learning\src\main\resources
2026-06-30 09:13:09,563 [Worker-22: Building] INFO  o.a.m.s.f.DefaultMavenResourcesFiltering - skip non existing resourceDirectory C:\Users\Admin\Automation TTS 8-00\Selenium_Learning\src\test\resources
2026-06-30 09:14:14,428 [Worker-22: Building] INFO  o.a.m.s.f.DefaultMavenResourcesFiltering - skip non existing resourceDirectory C:\Users\Admin\Automation TTS 8-00\Selenium_Learning\src\main\resources
2026-06-30 09:14:14,431 [Worker-22: Building] INFO  o.a.m.s.f.DefaultMavenResourcesFiltering - skip non existing resourceDirectory C:\Users\Admin\Automation TTS 8-00\Selenium_Learning\src\test\resources
2026-06-30 09:17:31,453 [Worker-15: Building] INFO  o.a.m.s.f.DefaultMavenResourcesFiltering - skip non existing resourceDirectory C:\Users\Admin\Automation TTS 8-00\Selenium_Learning\src\main\resources
2026-06-30 09:17:31,455 [Worker-15: Building] INFO  o.a.m.s.f.DefaultMavenResourcesFiltering - skip non existing resourceDirectory C:\Users\Admin\Automation TTS 8-00\Selenium_Learning\src\test\resources
2026-06-30 09:17:54,939 [Worker-1: Building] INFO  o.a.m.s.f.DefaultMavenResourcesFiltering - skip non existing resourceDirectory C:\Users\Admin\Automation TTS 8-00\Selenium_Learning\src\main\resources
2026-06-30 09:17:54,940 [Worker-1: Building] INFO  o.a.m.s.f.DefaultMavenResourcesFiltering - skip non existing resourceDirectory C:\Users\Admin\Automation TTS 8-00\Selenium_Learning\src\test\resources
2026-06-30 09:18:10,290 [Worker-29: Building] INFO  o.a.m.s.f.DefaultMavenResourcesFiltering - skip non existing resourceDirectory C:\Users\Admin\Automation TTS 8-00\Selenium_Learning\src\main\resources
2026-06-30 09:18:10,292 [Worker-29: Building] INFO  o.a.m.s.f.DefaultMavenResourcesFiltering - skip non existing resourceDirectory C:\Users\Admin\Automation TTS 8-00\Selenium_Learning\src\test\resources
2026-06-30 09:19:00,498 [Worker-22: Building] INFO  o.a.m.s.f.DefaultMavenResourcesFiltering - skip non existing resourceDirectory C:\Users\Admin\Automation TTS 8-00\Selenium_Learning\src\main\resources
2026-06-30 09:19:00,503 [Worker-22: Building] INFO  o.a.m.s.f.DefaultMavenResourcesFiltering - skip non existing resourceDirectory C:\Users\Admin\Automation TTS 8-00\Selenium_Learning\src\test\resources
2026-06-30 09:19:31,281 [Worker-15: Building] INFO  o.a.m.s.f.DefaultMavenResourcesFiltering - skip non existing resourceDirectory C:\Users\Admin\Automation TTS 8-00\Selenium_Learning\src\main\resources
2026-06-30 09:19:31,284 [Worker-15: Building] INFO  o.a.m.s.f.DefaultMavenResourcesFiltering - skip non existing resourceDirectory C:\Users\Admin\Automation TTS 8-00\Selenium_Learning\src\test\resources
2026-06-30 09:23:02,113 [Worker-30: Building] INFO  o.a.m.s.f.DefaultMavenResourcesFiltering - skip non existing resourceDirectory C:\Users\Admin\Automation TTS 8-00\Selenium_Learning\src\main\resources
2026-06-30 09:23:02,115 [Worker-30: Building] INFO  o.a.m.s.f.DefaultMavenResourcesFiltering - skip non existing resourceDirectory C:\Users\Admin\Automation TTS 8-00\Selenium_Learning\src\test\resources
2026-06-30 09:23:56,911 [Worker-30: Building] INFO  o.a.m.s.f.DefaultMavenResourcesFiltering - skip non existing resourceDirectory C:\Users\Admin\Automation TTS 8-00\Selenium_Learning\src\main\resources
2026-06-30 09:23:56,912 [Worker-30: Building] INFO  o.a.m.s.f.DefaultMavenResourcesFiltering - skip non existing resourceDirectory C:\Users\Admin\Automation TTS 8-00\Selenium_Learning\src\test\resources
2026-06-30 09:24:44,502 [Worker-15: Building] INFO  o.a.m.s.f.DefaultMavenResourcesFiltering - skip non existing resourceDirectory C:\Users\Admin\Automation TTS 8-00\Selenium_Learning\src\main\resources
2026-06-30 09:24:44,504 [Worker-15: Building] INFO  o.a.m.s.f.DefaultMavenResourcesFiltering - skip non existing resourceDirectory C:\Users\Admin\Automation TTS 8-00\Selenium_Learning\src\test\resources
2026-06-30 09:25:18,903 [Worker-15: Building] INFO  o.a.m.s.f.DefaultMavenResourcesFiltering - skip non existing resourceDirectory C:\Users\Admin\Automation TTS 8-00\Selenium_Learning\src\main\resources
2026-06-30 09:25:18,905 [Worker-15: Building] INFO  o.a.m.s.f.DefaultMavenResourcesFiltering - skip non existing resourceDirectory C:\Users\Admin\Automation TTS 8-00\Selenium_Learning\src\test\resources
2026-06-30 09:26:22,767 [Worker-30: Building] INFO  o.a.m.s.f.DefaultMavenResourcesFiltering - skip non existing resourceDirectory C:\Users\Admin\Automation TTS 8-00\Selenium_Learning\src\main\resources
2026-06-30 09:26:22,771 [Worker-30: Building] INFO  o.a.m.s.f.DefaultMavenResourcesFiltering - skip non existing resourceDirectory C:\Users\Admin\Automation TTS 8-00\Selenium_Learning\src\test\resources
2026-06-30 09:27:04,093 [Worker-32: Building] INFO  o.a.m.s.f.DefaultMavenResourcesFiltering - skip non existing resourceDirectory C:\Users\Admin\Automation TTS 8-00\Selenium_Learning\src\main\resources
2026-06-30 09:27:04,094 [Worker-32: Building] INFO  o.a.m.s.f.DefaultMavenResourcesFiltering - skip non existing resourceDirectory C:\Users\Admin\Automation TTS 8-00\Selenium_Learning\src\test\resources
2026-06-30 09:27:28,864 [Worker-31: Building] INFO  o.a.m.s.f.DefaultMavenResourcesFiltering - skip non existing resourceDirectory C:\Users\Admin\Automation TTS 8-00\Selenium_Learning\src\main\resources
2026-06-30 09:27:28,867 [Worker-31: Building] INFO  o.a.m.s.f.DefaultMavenResourcesFiltering - skip non existing resourceDirectory C:\Users\Admin\Automation TTS 8-00\Selenium_Learning\src\test\resources
2026-06-30 12:56:29,868 [Worker-2: Loading available Gradle versions] INFO  o.e.b.c.i.u.g.PublishedGradleVersions - Gradle version information cache is out-of-date. Trying to update.
2026-07-02 08:42:24,894 [Worker-6: Loading available Gradle versions] INFO  o.e.b.c.i.u.g.PublishedGradleVersions - Gradle version information cache is out-of-date. Trying to update.
2026-07-02 08:43:57,837 [Worker-11: Building] INFO  o.a.m.s.f.DefaultMavenResourcesFiltering - skip non existing resourceDirectory C:\Users\Admin\Automation TTS 8-00\Selenium_Learning\src\main\resources
2026-07-02 08:43:57,849 [Worker-11: Building] INFO  o.a.m.s.f.DefaultMavenResourcesFiltering - skip non existing resourceDirectory C:\Users\Admin\Automation TTS 8-00\Selenium_Learning\src\test\resources
2026-07-02 08:44:37,644 [Worker-7: Building] INFO  o.a.m.s.f.DefaultMavenResourcesFiltering - skip non existing resourceDirectory C:\Users\Admin\Automation TTS 8-00\Selenium_Learning\src\main\resources
2026-07-02 08:44:37,647 [Worker-7: Building] INFO  o.a.m.s.f.DefaultMavenResourcesFiltering - skip non existing resourceDirectory C:\Users\Admin\Automation TTS 8-00\Selenium_Learning\src\test\resources
2026-07-02 08:44:59,828 [Worker-19: Building] INFO  o.a.m.s.f.DefaultMavenResourcesFiltering - skip non existing resourceDirectory C:\Users\Admin\Automation TTS 8-00\Selenium_Learning\src\main\resources
2026-07-02 08:44:59,832 [Worker-19: Building] INFO  o.a.m.s.f.DefaultMavenResourcesFiltering - skip non existing resourceDirectory C:\Users\Admin\Automation TTS 8-00\Selenium_Learning\src\test\resources
2026-07-02 08:45:00,925 [Worker-23: Building] INFO  o.a.m.s.f.DefaultMavenResourcesFiltering - skip non existing resourceDirectory C:\Users\Admin\Automation TTS 8-00\Selenium_Learning\src\main\resources
2026-07-02 08:45:00,928 [Worker-23: Building] INFO  o.a.m.s.f.DefaultMavenResourcesFiltering - skip non existing resourceDirectory C:\Users\Admin\Automation TTS 8-00\Selenium_Learning\src\test\resources
2026-07-02 08:46:03,431 [Worker-16: Building] INFO  o.a.m.s.f.DefaultMavenResourcesFiltering - skip non existing resourceDirectory C:\Users\Admin\Automation TTS 8-00\Selenium_Learning\src\main\resources
2026-07-02 08:46:03,434 [Worker-16: Building] INFO  o.a.m.s.f.DefaultMavenResourcesFiltering - skip non existing resourceDirectory C:\Users\Admin\Automation TTS 8-00\Selenium_Learning\src\test\resources
2026-07-02 08:46:43,384 [Worker-9: Building] INFO  o.a.m.s.f.DefaultMavenResourcesFiltering - skip non existing resourceDirectory C:\Users\Admin\Automation TTS 8-00\Selenium_Learning\src\main\resources
2026-07-02 08:46:43,385 [Worker-9: Building] INFO  o.a.m.s.f.DefaultMavenResourcesFiltering - skip non existing resourceDirectory C:\Users\Admin\Automation TTS 8-00\Selenium_Learning\src\test\resources
2026-07-02 08:46:44,896 [Worker-11: Building] INFO  o.a.m.s.f.DefaultMavenResourcesFiltering - skip non existing resourceDirectory C:\Users\Admin\Automation TTS 8-00\Selenium_Learning\src\main\resources
2026-07-02 08:46:44,899 [Worker-11: Building] INFO  o.a.m.s.f.DefaultMavenResourcesFiltering - skip non existing resourceDirectory C:\Users\Admin\Automation TTS 8-00\Selenium_Learning\src\test\resources
2026-07-02 08:48:16,577 [Worker-2: Building] INFO  o.a.m.s.f.DefaultMavenResourcesFiltering - skip non existing resourceDirectory C:\Users\Admin\Automation TTS 8-00\Selenium_Learning\src\main\resources
2026-07-02 08:48:16,580 [Worker-2: Building] INFO  o.a.m.s.f.DefaultMavenResourcesFiltering - skip non existing resourceDirectory C:\Users\Admin\Automation TTS 8-00\Selenium_Learning\src\test\resources
2026-07-02 08:48:35,646 [Worker-18: Building] INFO  o.a.m.s.f.DefaultMavenResourcesFiltering - skip non existing resourceDirectory C:\Users\Admin\Automation TTS 8-00\Selenium_Learning\src\main\resources
2026-07-02 08:48:35,648 [Worker-18: Building] INFO  o.a.m.s.f.DefaultMavenResourcesFiltering - skip non existing resourceDirectory C:\Users\Admin\Automation TTS 8-00\Selenium_Learning\src\test\resources
2026-07-02 08:48:43,010 [Worker-25: Building] INFO  o.a.m.s.f.DefaultMavenResourcesFiltering - skip non existing resourceDirectory C:\Users\Admin\Automation TTS 8-00\Selenium_Learning\src\main\resources
2026-07-02 08:48:43,012 [Worker-25: Building] INFO  o.a.m.s.f.DefaultMavenResourcesFiltering - skip non existing resourceDirectory C:\Users\Admin\Automation TTS 8-00\Selenium_Learning\src\test\resources
2026-07-02 08:49:46,664 [Worker-12: Building] INFO  o.e.m.c.i.l.LifecycleMappingFactory - Using org.eclipse.m2e.jdt.JarLifecycleMapping lifecycle mapping for MavenProject: com.selenium:Selenium_Learning:0.0.1-SNAPSHOT @ C:\Users\Admin\Automation TTS 8-00\Selenium_Learning\pom.xml.
2026-07-02 08:49:47,385 [Worker-12: Building] INFO  o.a.m.s.f.DefaultMavenResourcesFiltering - skip non existing resourceDirectory C:\Users\Admin\Automation TTS 8-00\Selenium_Learning\src\main\resources
2026-07-02 08:49:47,390 [Worker-12: Building] INFO  o.a.m.s.f.DefaultMavenResourcesFiltering - skip non existing resourceDirectory C:\Users\Admin\Automation TTS 8-00\Selenium_Learning\src\test\resources
2026-07-02 08:49:49,446 [Worker-11: Building] INFO  o.a.m.s.f.DefaultMavenResourcesFiltering - skip non existing resourceDirectory C:\Users\Admin\Automation TTS 8-00\Selenium_Learning\src\main\resources
2026-07-02 08:49:49,449 [Worker-11: Building] INFO  o.a.m.s.f.DefaultMavenResourcesFiltering - skip non existing resourceDirectory C:\Users\Admin\Automation TTS 8-00\Selenium_Learning\src\test\resources
2026-07-02 08:50:57,778 [Worker-6: Building] INFO  o.a.m.s.f.DefaultMavenResourcesFiltering - skip non existing resourceDirectory C:\Users\Admin\Automation TTS 8-00\Selenium_Learning\src\main\resources
2026-07-02 08:50:57,779 [Worker-6: Building] INFO  o.a.m.s.f.DefaultMavenResourcesFiltering - skip non existing resourceDirectory C:\Users\Admin\Automation TTS 8-00\Selenium_Learning\src\test\resources
2026-07-02 08:51:00,935 [Worker-3: Building] INFO  o.a.m.s.f.DefaultMavenResourcesFiltering - skip non existing resourceDirectory C:\Users\Admin\Automation TTS 8-00\Selenium_Learning\src\main\resources
2026-07-02 08:51:00,937 [Worker-3: Building] INFO  o.a.m.s.f.DefaultMavenResourcesFiltering - skip non existing resourceDirectory C:\Users\Admin\Automation TTS 8-00\Selenium_Learning\src\test\resources
2026-07-02 08:51:49,423 [Worker-28: Building] INFO  o.a.m.s.f.DefaultMavenResourcesFiltering - skip non existing resourceDirectory C:\Users\Admin\Automation TTS 8-00\Selenium_Learning\src\main\resources
2026-07-02 08:51:49,425 [Worker-28: Building] INFO  o.a.m.s.f.DefaultMavenResourcesFiltering - skip non existing resourceDirectory C:\Users\Admin\Automation TTS 8-00\Selenium_Learning\src\test\resources
2026-07-02 08:52:42,789 [Worker-12: Building] INFO  o.a.m.s.f.DefaultMavenResourcesFiltering - skip non existing resourceDirectory C:\Users\Admin\Automation TTS 8-00\Selenium_Learning\src\main\resources
2026-07-02 08:52:42,791 [Worker-12: Building] INFO  o.a.m.s.f.DefaultMavenResourcesFiltering - skip non existing resourceDirectory C:\Users\Admin\Automation TTS 8-00\Selenium_Learning\src\test\resources
2026-07-02 08:52:53,485 [Worker-10: Building] INFO  o.a.m.s.f.DefaultMavenResourcesFiltering - skip non existing resourceDirectory C:\Users\Admin\Automation TTS 8-00\Selenium_Learning\src\main\resources
2026-07-02 08:52:53,487 [Worker-10: Building] INFO  o.a.m.s.f.DefaultMavenResourcesFiltering - skip non existing resourceDirectory C:\Users\Admin\Automation TTS 8-00\Selenium_Learning\src\test\resources
2026-07-02 08:53:24,912 [Worker-6: Building] INFO  o.a.m.s.f.DefaultMavenResourcesFiltering - skip non existing resourceDirectory C:\Users\Admin\Automation TTS 8-00\Selenium_Learning\src\main\resources
2026-07-02 08:53:24,914 [Worker-6: Building] INFO  o.a.m.s.f.DefaultMavenResourcesFiltering - skip non existing resourceDirectory C:\Users\Admin\Automation TTS 8-00\Selenium_Learning\src\test\resources
2026-07-02 08:54:04,198 [Worker-10: Building] INFO  o.a.m.s.f.DefaultMavenResourcesFiltering - skip non existing resourceDirectory C:\Users\Admin\Automation TTS 8-00\Selenium_Learning\src\main\resources
2026-07-02 08:54:04,201 [Worker-10: Building] INFO  o.a.m.s.f.DefaultMavenResourcesFiltering - skip non existing resourceDirectory C:\Users\Admin\Automation TTS 8-00\Selenium_Learning\src\test\resources
2026-07-02 08:57:30,513 [Worker-31: Building] INFO  o.a.m.s.f.DefaultMavenResourcesFiltering - skip non existing resourceDirectory C:\Users\Admin\Automation TTS 8-00\Selenium_Learning\src\main\resources
2026-07-02 08:57:30,516 [Worker-31: Building] INFO  o.a.m.s.f.DefaultMavenResourcesFiltering - skip non existing resourceDirectory C:\Users\Admin\Automation TTS 8-00\Selenium_Learning\src\test\resources
2026-07-02 08:57:51,023 [Worker-32: Building] INFO  o.a.m.s.f.DefaultMavenResourcesFiltering - skip non existing resourceDirectory C:\Users\Admin\Automation TTS 8-00\Selenium_Learning\src\main\resources
2026-07-02 08:57:51,024 [Worker-32: Building] INFO  o.a.m.s.f.DefaultMavenResourcesFiltering - skip non existing resourceDirectory C:\Users\Admin\Automation TTS 8-00\Selenium_Learning\src\test\resources
2026-07-02 08:58:03,645 [Worker-14: Building] INFO  o.a.m.s.f.DefaultMavenResourcesFiltering - skip non existing resourceDirectory C:\Users\Admin\Automation TTS 8-00\Selenium_Learning\src\main\resources
2026-07-02 08:58:03,647 [Worker-14: Building] INFO  o.a.m.s.f.DefaultMavenResourcesFiltering - skip non existing resourceDirectory C:\Users\Admin\Automation TTS 8-00\Selenium_Learning\src\test\resources
2026-07-02 09:00:07,593 [Worker-31: Building] INFO  o.a.m.s.f.DefaultMavenResourcesFiltering - skip non existing resourceDirectory C:\Users\Admin\Automation TTS 8-00\Selenium_Learning\src\main\resources
2026-07-02 09:00:07,594 [Worker-31: Building] INFO  o.a.m.s.f.DefaultMavenResourcesFiltering - skip non existing resourceDirectory C:\Users\Admin\Automation TTS 8-00\Selenium_Learning\src\test\resources
2026-07-02 09:00:25,912 [Worker-24: Building] INFO  o.a.m.s.f.DefaultMavenResourcesFiltering - skip non existing resourceDirectory C:\Users\Admin\Automation TTS 8-00\Selenium_Learning\src\main\resources
2026-07-02 09:00:25,914 [Worker-24: Building] INFO  o.a.m.s.f.DefaultMavenResourcesFiltering - skip non existing resourceDirectory C:\Users\Admin\Automation TTS 8-00\Selenium_Learning\src\test\resources
2026-07-02 09:00:28,861 [Worker-31: Building] INFO  o.a.m.s.f.DefaultMavenResourcesFiltering - skip non existing resourceDirectory C:\Users\Admin\Automation TTS 8-00\Selenium_Learning\src\main\resources
2026-07-02 09:00:28,863 [Worker-31: Building] INFO  o.a.m.s.f.DefaultMavenResourcesFiltering - skip non existing resourceDirectory C:\Users\Admin\Automation TTS 8-00\Selenium_Learning\src\test\resources
2026-07-02 09:00:39,504 [Worker-24: Building] INFO  o.a.m.s.f.DefaultMavenResourcesFiltering - skip non existing resourceDirectory C:\Users\Admin\Automation TTS 8-00\Selenium_Learning\src\main\resources
2026-07-02 09:00:39,505 [Worker-24: Building] INFO  o.a.m.s.f.DefaultMavenResourcesFiltering - skip non existing resourceDirectory C:\Users\Admin\Automation TTS 8-00\Selenium_Learning\src\test\resources
2026-07-02 09:01:13,246 [Worker-35: Building] INFO  o.a.m.s.f.DefaultMavenResourcesFiltering - skip non existing resourceDirectory C:\Users\Admin\Automation TTS 8-00\Selenium_Learning\src\main\resources
2026-07-02 09:01:13,248 [Worker-35: Building] INFO  o.a.m.s.f.DefaultMavenResourcesFiltering - skip non existing resourceDirectory C:\Users\Admin\Automation TTS 8-00\Selenium_Learning\src\test\resources
2026-07-02 09:01:35,395 [Worker-34: Building] INFO  o.a.m.s.f.DefaultMavenResourcesFiltering - skip non existing resourceDirectory C:\Users\Admin\Automation TTS 8-00\Selenium_Learning\src\main\resources
2026-07-02 09:01:35,396 [Worker-34: Building] INFO  o.a.m.s.f.DefaultMavenResourcesFiltering - skip non existing resourceDirectory C:\Users\Admin\Automation TTS 8-00\Selenium_Learning\src\test\resources
2026-07-02 09:01:59,269 [Worker-24: Building] INFO  o.a.m.s.f.DefaultMavenResourcesFiltering - skip non existing resourceDirectory C:\Users\Admin\Automation TTS 8-00\Selenium_Learning\src\main\resources
2026-07-02 09:01:59,276 [Worker-24: Building] INFO  o.a.m.s.f.DefaultMavenResourcesFiltering - skip non existing resourceDirectory C:\Users\Admin\Automation TTS 8-00\Selenium_Learning\src\test\resources
2026-07-02 09:02:09,316 [Worker-35: Building] INFO  o.a.m.s.f.DefaultMavenResourcesFiltering - skip non existing resourceDirectory C:\Users\Admin\Automation TTS 8-00\Selenium_Learning\src\main\resources
2026-07-02 09:02:09,318 [Worker-35: Building] INFO  o.a.m.s.f.DefaultMavenResourcesFiltering - skip non existing resourceDirectory C:\Users\Admin\Automation TTS 8-00\Selenium_Learning\src\test\resources
2026-07-02 09:02:24,119 [Worker-35: Building] INFO  o.a.m.s.f.DefaultMavenResourcesFiltering - skip non existing resourceDirectory C:\Users\Admin\Automation TTS 8-00\Selenium_Learning\src\main\resources
2026-07-02 09:02:24,121 [Worker-35: Building] INFO  o.a.m.s.f.DefaultMavenResourcesFiltering - skip non existing resourceDirectory C:\Users\Admin\Automation TTS 8-00\Selenium_Learning\src\test\resources
2026-07-02 09:02:39,013 [Worker-31: Building] INFO  o.a.m.s.f.DefaultMavenResourcesFiltering - skip non existing resourceDirectory C:\Users\Admin\Automation TTS 8-00\Selenium_Learning\src\main\resources
2026-07-02 09:02:39,014 [Worker-31: Building] INFO  o.a.m.s.f.DefaultMavenResourcesFiltering - skip non existing resourceDirectory C:\Users\Admin\Automation TTS 8-00\Selenium_Learning\src\test\resources
2026-07-02 09:03:25,517 [Worker-36: Building] INFO  o.a.m.s.f.DefaultMavenResourcesFiltering - skip non existing resourceDirectory C:\Users\Admin\Automation TTS 8-00\Selenium_Learning\src\main\resources
2026-07-02 09:03:25,519 [Worker-36: Building] INFO  o.a.m.s.f.DefaultMavenResourcesFiltering - skip non existing resourceDirectory C:\Users\Admin\Automation TTS 8-00\Selenium_Learning\src\test\resources
2026-07-02 09:04:07,657 [Worker-31: Building] INFO  o.a.m.s.f.DefaultMavenResourcesFiltering - skip non existing resourceDirectory C:\Users\Admin\Automation TTS 8-00\Selenium_Learning\src\main\resources
2026-07-02 09:04:07,659 [Worker-31: Building] INFO  o.a.m.s.f.DefaultMavenResourcesFiltering - skip non existing resourceDirectory C:\Users\Admin\Automation TTS 8-00\Selenium_Learning\src\test\resources
2026-07-02 09:04:12,573 [Worker-24: Building] INFO  o.a.m.s.f.DefaultMavenResourcesFiltering - skip non existing resourceDirectory C:\Users\Admin\Automation TTS 8-00\Selenium_Learning\src\main\resources
2026-07-02 09:04:12,574 [Worker-24: Building] INFO  o.a.m.s.f.DefaultMavenResourcesFiltering - skip non existing resourceDirectory C:\Users\Admin\Automation TTS 8-00\Selenium_Learning\src\test\resources
2026-07-02 09:06:43,052 [Worker-38: Building] INFO  o.a.m.s.f.DefaultMavenResourcesFiltering - skip non existing resourceDirectory C:\Users\Admin\Automation TTS 8-00\Selenium_Learning\src\main\resources
2026-07-02 09:06:43,053 [Worker-38: Building] INFO  o.a.m.s.f.DefaultMavenResourcesFiltering - skip non existing resourceDirectory C:\Users\Admin\Automation TTS 8-00\Selenium_Learning\src\test\resources
2026-07-02 09:07:21,552 [Worker-40: Building] INFO  o.a.m.s.f.DefaultMavenResourcesFiltering - skip non existing resourceDirectory C:\Users\Admin\Automation TTS 8-00\Selenium_Learning\src\main\resources
2026-07-02 09:07:21,555 [Worker-40: Building] INFO  o.a.m.s.f.DefaultMavenResourcesFiltering - skip non existing resourceDirectory C:\Users\Admin\Automation TTS 8-00\Selenium_Learning\src\test\resources
2026-07-04 17:49:29,796 [Worker-7: Loading available Gradle versions] INFO  o.e.b.c.i.u.g.PublishedGradleVersions - Gradle version information cache is up-to-date. Trying to read.
2026-07-04 17:53:58,644 [Worker-32: Launching mavenrun-e1d5359b-8316-4053-a99d-0da2999e9c73] INFO  o.eclipse.m2e.core.internal.Bundles - getClasspathEntries(Bundle=org.eclipse.m2e.maven.runtime_3.9.700.20240602-2313 [642])
2026-07-04 17:53:58,646 [Worker-32: Launching mavenrun-e1d5359b-8316-4053-a99d-0da2999e9c73] INFO  o.eclipse.m2e.core.internal.Bundles - 	Entry: C:\Users\Admin\.p2\pool\plugins\org.eclipse.m2e.maven.runtime_3.9.700.20240602-2313
2026-07-04 17:53:58,647 [Worker-32: Launching mavenrun-e1d5359b-8316-4053-a99d-0da2999e9c73] INFO  o.eclipse.m2e.core.internal.Bundles - 	Entry: C:\Users\Admin\.p2\pool\plugins\org.eclipse.m2e.maven.runtime_3.9.700.20240602-2313\jars\aopalliance-1.0.jar
2026-07-04 17:53:58,647 [Worker-32: Launching mavenrun-e1d5359b-8316-4053-a99d-0da2999e9c73] INFO  o.eclipse.m2e.core.internal.Bundles - 	Entry: C:\Users\Admin\.p2\pool\plugins\org.eclipse.m2e.maven.runtime_3.9.700.20240602-2313\jars\guice-5.1.0.jar
2026-07-04 17:53:58,647 [Worker-32: Launching mavenrun-e1d5359b-8316-4053-a99d-0da2999e9c73] INFO  o.eclipse.m2e.core.internal.Bundles - 	Entry: C:\Users\Admin\.p2\pool\plugins\org.eclipse.m2e.maven.runtime_3.9.700.20240602-2313\jars\httpclient-4.5.14.jar
2026-07-04 17:53:58,647 [Worker-32: Launching mavenrun-e1d5359b-8316-4053-a99d-0da2999e9c73] INFO  o.eclipse.m2e.core.internal.Bundles - 	Entry: C:\Users\Admin\.p2\pool\plugins\org.eclipse.m2e.maven.runtime_3.9.700.20240602-2313\jars\httpcore-4.4.16.jar
2026-07-04 17:53:58,647 [Worker-32: Launching mavenrun-e1d5359b-8316-4053-a99d-0da2999e9c73] INFO  o.eclipse.m2e.core.internal.Bundles - 	Entry: C:\Users\Admin\.p2\pool\plugins\org.eclipse.m2e.maven.runtime_3.9.700.20240602-2313\jars\jansi-2.4.1.jar
2026-07-04 17:53:58,647 [Worker-32: Launching mavenrun-e1d5359b-8316-4053-a99d-0da2999e9c73] INFO  o.eclipse.m2e.core.internal.Bundles - 	Entry: C:\Users\Admin\.p2\pool\plugins\org.eclipse.m2e.maven.runtime_3.9.700.20240602-2313\jars\jcl-over-slf4j-1.7.36.jar
2026-07-04 17:53:58,647 [Worker-32: Launching mavenrun-e1d5359b-8316-4053-a99d-0da2999e9c73] INFO  o.eclipse.m2e.core.internal.Bundles - 	Entry: C:\Users\Admin\.p2\pool\plugins\org.eclipse.m2e.maven.runtime_3.9.700.20240602-2313\jars\maven-artifact-3.9.7.jar
2026-07-04 17:53:58,648 [Worker-32: Launching mavenrun-e1d5359b-8316-4053-a99d-0da2999e9c73] INFO  o.eclipse.m2e.core.internal.Bundles - 	Entry: C:\Users\Admin\.p2\pool\plugins\org.eclipse.m2e.maven.runtime_3.9.700.20240602-2313\jars\maven-builder-support-3.9.7.jar
2026-07-04 17:53:58,648 [Worker-32: Launching mavenrun-e1d5359b-8316-4053-a99d-0da2999e9c73] INFO  o.eclipse.m2e.core.internal.Bundles - 	Entry: C:\Users\Admin\.p2\pool\plugins\org.eclipse.m2e.maven.runtime_3.9.700.20240602-2313\jars\maven-compat-3.9.7.jar
2026-07-04 17:53:58,648 [Worker-32: Launching mavenrun-e1d5359b-8316-4053-a99d-0da2999e9c73] INFO  o.eclipse.m2e.core.internal.Bundles - 	Entry: C:\Users\Admin\.p2\pool\plugins\org.eclipse.m2e.maven.runtime_3.9.700.20240602-2313\jars\maven-core-3.9.7.jar
2026-07-04 17:53:58,648 [Worker-32: Launching mavenrun-e1d5359b-8316-4053-a99d-0da2999e9c73] INFO  o.eclipse.m2e.core.internal.Bundles - 	Entry: C:\Users\Admin\.p2\pool\plugins\org.eclipse.m2e.maven.runtime_3.9.700.20240602-2313\jars\maven-embedder-3.9.7.jar
2026-07-04 17:53:58,648 [Worker-32: Launching mavenrun-e1d5359b-8316-4053-a99d-0da2999e9c73] INFO  o.eclipse.m2e.core.internal.Bundles - 	Entry: C:\Users\Admin\.p2\pool\plugins\org.eclipse.m2e.maven.runtime_3.9.700.20240602-2313\jars\maven-model-3.9.7.jar
2026-07-04 17:53:58,648 [Worker-32: Launching mavenrun-e1d5359b-8316-4053-a99d-0da2999e9c73] INFO  o.eclipse.m2e.core.internal.Bundles - 	Entry: C:\Users\Admin\.p2\pool\plugins\org.eclipse.m2e.maven.runtime_3.9.700.20240602-2313\jars\maven-model-builder-3.9.7.jar
2026-07-04 17:53:58,648 [Worker-32: Launching mavenrun-e1d5359b-8316-4053-a99d-0da2999e9c73] INFO  o.eclipse.m2e.core.internal.Bundles - 	Entry: C:\Users\Admin\.p2\pool\plugins\org.eclipse.m2e.maven.runtime_3.9.700.20240602-2313\jars\maven-plugin-api-3.9.7.jar
2026-07-04 17:53:58,648 [Worker-32: Launching mavenrun-e1d5359b-8316-4053-a99d-0da2999e9c73] INFO  o.eclipse.m2e.core.internal.Bundles - 	Entry: C:\Users\Admin\.p2\pool\plugins\org.eclipse.m2e.maven.runtime_3.9.700.20240602-2313\jars\maven-repository-metadata-3.9.7.jar
2026-07-04 17:53:58,649 [Worker-32: Launching mavenrun-e1d5359b-8316-4053-a99d-0da2999e9c73] INFO  o.eclipse.m2e.core.internal.Bundles - 	Entry: C:\Users\Admin\.p2\pool\plugins\org.eclipse.m2e.maven.runtime_3.9.700.20240602-2313\jars\maven-resolver-api-1.9.20.jar
2026-07-04 17:53:58,649 [Worker-32: Launching mavenrun-e1d5359b-8316-4053-a99d-0da2999e9c73] INFO  o.eclipse.m2e.core.internal.Bundles - 	Entry: C:\Users\Admin\.p2\pool\plugins\org.eclipse.m2e.maven.runtime_3.9.700.20240602-2313\jars\maven-resolver-connector-basic-1.9.20.jar
2026-07-04 17:53:58,649 [Worker-32: Launching mavenrun-e1d5359b-8316-4053-a99d-0da2999e9c73] INFO  o.eclipse.m2e.core.internal.Bundles - 	Entry: C:\Users\Admin\.p2\pool\plugins\org.eclipse.m2e.maven.runtime_3.9.700.20240602-2313\jars\maven-resolver-impl-1.9.20.jar
2026-07-04 17:53:58,649 [Worker-32: Launching mavenrun-e1d5359b-8316-4053-a99d-0da2999e9c73] INFO  o.eclipse.m2e.core.internal.Bundles - 	Entry: C:\Users\Admin\.p2\pool\plugins\org.eclipse.m2e.maven.runtime_3.9.700.20240602-2313\jars\maven-resolver-named-locks-1.9.20.jar
2026-07-04 17:53:58,649 [Worker-32: Launching mavenrun-e1d5359b-8316-4053-a99d-0da2999e9c73] INFO  o.eclipse.m2e.core.internal.Bundles - 	Entry: C:\Users\Admin\.p2\pool\plugins\org.eclipse.m2e.maven.runtime_3.9.700.20240602-2313\jars\maven-resolver-provider-3.9.7.jar
2026-07-04 17:53:58,649 [Worker-32: Launching mavenrun-e1d5359b-8316-4053-a99d-0da2999e9c73] INFO  o.eclipse.m2e.core.internal.Bundles - 	Entry: C:\Users\Admin\.p2\pool\plugins\org.eclipse.m2e.maven.runtime_3.9.700.20240602-2313\jars\maven-resolver-spi-1.9.20.jar
2026-07-04 17:53:58,649 [Worker-32: Launching mavenrun-e1d5359b-8316-4053-a99d-0da2999e9c73] INFO  o.eclipse.m2e.core.internal.Bundles - 	Entry: C:\Users\Admin\.p2\pool\plugins\org.eclipse.m2e.maven.runtime_3.9.700.20240602-2313\jars\maven-resolver-transport-file-1.9.20.jar
2026-07-04 17:53:58,649 [Worker-32: Launching mavenrun-e1d5359b-8316-4053-a99d-0da2999e9c73] INFO  o.eclipse.m2e.core.internal.Bundles - 	Entry: C:\Users\Admin\.p2\pool\plugins\org.eclipse.m2e.maven.runtime_3.9.700.20240602-2313\jars\maven-resolver-transport-http-1.9.20.jar
2026-07-04 17:53:58,650 [Worker-32: Launching mavenrun-e1d5359b-8316-4053-a99d-0da2999e9c73] INFO  o.eclipse.m2e.core.internal.Bundles - 	Entry: C:\Users\Admin\.p2\pool\plugins\org.eclipse.m2e.maven.runtime_3.9.700.20240602-2313\jars\maven-resolver-transport-wagon-1.9.20.jar
2026-07-04 17:53:58,650 [Worker-32: Launching mavenrun-e1d5359b-8316-4053-a99d-0da2999e9c73] INFO  o.eclipse.m2e.core.internal.Bundles - 	Entry: C:\Users\Admin\.p2\pool\plugins\org.eclipse.m2e.maven.runtime_3.9.700.20240602-2313\jars\maven-resolver-util-1.9.20.jar
2026-07-04 17:53:58,650 [Worker-32: Launching mavenrun-e1d5359b-8316-4053-a99d-0da2999e9c73] INFO  o.eclipse.m2e.core.internal.Bundles - 	Entry: C:\Users\Admin\.p2\pool\plugins\org.eclipse.m2e.maven.runtime_3.9.700.20240602-2313\jars\maven-settings-3.9.7.jar
2026-07-04 17:53:58,650 [Worker-32: Launching mavenrun-e1d5359b-8316-4053-a99d-0da2999e9c73] INFO  o.eclipse.m2e.core.internal.Bundles - 	Entry: C:\Users\Admin\.p2\pool\plugins\org.eclipse.m2e.maven.runtime_3.9.700.20240602-2313\jars\maven-settings-builder-3.9.7.jar
2026-07-04 17:53:58,650 [Worker-32: Launching mavenrun-e1d5359b-8316-4053-a99d-0da2999e9c73] INFO  o.eclipse.m2e.core.internal.Bundles - 	Entry: C:\Users\Admin\.p2\pool\plugins\org.eclipse.m2e.maven.runtime_3.9.700.20240602-2313\jars\maven-shared-utils-3.4.2.jar
2026-07-04 17:53:58,650 [Worker-32: Launching mavenrun-e1d5359b-8316-4053-a99d-0da2999e9c73] INFO  o.eclipse.m2e.core.internal.Bundles - 	Entry: C:\Users\Admin\.p2\pool\plugins\org.eclipse.m2e.maven.runtime_3.9.700.20240602-2313\jars\org.eclipse.sisu.inject-0.9.0.M2.jar
2026-07-04 17:53:58,650 [Worker-32: Launching mavenrun-e1d5359b-8316-4053-a99d-0da2999e9c73] INFO  o.eclipse.m2e.core.internal.Bundles - 	Entry: C:\Users\Admin\.p2\pool\plugins\org.eclipse.m2e.maven.runtime_3.9.700.20240602-2313\jars\org.eclipse.sisu.plexus-0.9.0.M2.jar
2026-07-04 17:53:58,650 [Worker-32: Launching mavenrun-e1d5359b-8316-4053-a99d-0da2999e9c73] INFO  o.eclipse.m2e.core.internal.Bundles - 	Entry: C:\Users\Admin\.p2\pool\plugins\org.eclipse.m2e.maven.runtime_3.9.700.20240602-2313\jars\plexus-build-api-0.0.7.jar
2026-07-04 17:53:58,651 [Worker-32: Launching mavenrun-e1d5359b-8316-4053-a99d-0da2999e9c73] INFO  o.eclipse.m2e.core.internal.Bundles - 	Entry: C:\Users\Admin\.p2\pool\plugins\org.eclipse.m2e.maven.runtime_3.9.700.20240602-2313\jars\plexus-build-api-1.2.0.jar
2026-07-04 17:53:58,651 [Worker-32: Launching mavenrun-e1d5359b-8316-4053-a99d-0da2999e9c73] INFO  o.eclipse.m2e.core.internal.Bundles - 	Entry: C:\Users\Admin\.p2\pool\plugins\org.eclipse.m2e.maven.runtime_3.9.700.20240602-2313\jars\plexus-cipher-2.0.jar
2026-07-04 17:53:58,651 [Worker-32: Launching mavenrun-e1d5359b-8316-4053-a99d-0da2999e9c73] INFO  o.eclipse.m2e.core.internal.Bundles - 	Entry: C:\Users\Admin\.p2\pool\plugins\org.eclipse.m2e.maven.runtime_3.9.700.20240602-2313\jars\plexus-classworlds-2.8.0.jar
2026-07-04 17:53:58,651 [Worker-32: Launching mavenrun-e1d5359b-8316-4053-a99d-0da2999e9c73] INFO  o.eclipse.m2e.core.internal.Bundles - 	Entry: C:\Users\Admin\.p2\pool\plugins\org.eclipse.m2e.maven.runtime_3.9.700.20240602-2313\jars\plexus-component-annotations-2.1.0.jar
2026-07-04 17:53:58,651 [Worker-32: Launching mavenrun-e1d5359b-8316-4053-a99d-0da2999e9c73] INFO  o.eclipse.m2e.core.internal.Bundles - 	Entry: C:\Users\Admin\.p2\pool\plugins\org.eclipse.m2e.maven.runtime_3.9.700.20240602-2313\jars\plexus-interpolation-1.27.jar
2026-07-04 17:53:58,651 [Worker-32: Launching mavenrun-e1d5359b-8316-4053-a99d-0da2999e9c73] INFO  o.eclipse.m2e.core.internal.Bundles - 	Entry: C:\Users\Admin\.p2\pool\plugins\org.eclipse.m2e.maven.runtime_3.9.700.20240602-2313\jars\plexus-sec-dispatcher-2.0.jar
2026-07-04 17:53:58,651 [Worker-32: Launching mavenrun-e1d5359b-8316-4053-a99d-0da2999e9c73] INFO  o.eclipse.m2e.core.internal.Bundles - 	Entry: C:\Users\Admin\.p2\pool\plugins\org.eclipse.m2e.maven.runtime_3.9.700.20240602-2313\jars\plexus-utils-3.5.1.jar
2026-07-04 17:53:58,652 [Worker-32: Launching mavenrun-e1d5359b-8316-4053-a99d-0da2999e9c73] INFO  o.eclipse.m2e.core.internal.Bundles - 	Entry: C:\Users\Admin\.p2\pool\plugins\org.eclipse.m2e.maven.runtime_3.9.700.20240602-2313\jars\wagon-file-3.5.3.jar
2026-07-04 17:53:58,652 [Worker-32: Launching mavenrun-e1d5359b-8316-4053-a99d-0da2999e9c73] INFO  o.eclipse.m2e.core.internal.Bundles - 	Entry: C:\Users\Admin\.p2\pool\plugins\org.eclipse.m2e.maven.runtime_3.9.700.20240602-2313\jars\wagon-http-3.5.3.jar
2026-07-04 17:53:58,652 [Worker-32: Launching mavenrun-e1d5359b-8316-4053-a99d-0da2999e9c73] INFO  o.eclipse.m2e.core.internal.Bundles - 	Entry: C:\Users\Admin\.p2\pool\plugins\org.eclipse.m2e.maven.runtime_3.9.700.20240602-2313\jars\wagon-http-shared-3.5.3.jar
2026-07-04 17:53:58,652 [Worker-32: Launching mavenrun-e1d5359b-8316-4053-a99d-0da2999e9c73] INFO  o.eclipse.m2e.core.internal.Bundles - 	Entry: C:\Users\Admin\.p2\pool\plugins\org.eclipse.m2e.maven.runtime_3.9.700.20240602-2313\jars\wagon-provider-api-3.5.3.jar
2026-07-04 17:53:58,653 [Worker-32: Launching mavenrun-e1d5359b-8316-4053-a99d-0da2999e9c73] INFO  o.eclipse.m2e.core.internal.Bundles - getClasspathEntries(Bundle=com.google.guava_33.4.8.jre [1147])
2026-07-04 17:53:58,653 [Worker-32: Launching mavenrun-e1d5359b-8316-4053-a99d-0da2999e9c73] INFO  o.eclipse.m2e.core.internal.Bundles - 	Entry: C:\Users\Admin\.p2\pool\plugins\com.google.guava_33.4.8.jre.jar
2026-07-04 17:53:58,653 [Worker-32: Launching mavenrun-e1d5359b-8316-4053-a99d-0da2999e9c73] INFO  o.eclipse.m2e.core.internal.Bundles - getClasspathEntries(Bundle=slf4j.api_2.0.17 [1007])
2026-07-04 17:53:58,654 [Worker-32: Launching mavenrun-e1d5359b-8316-4053-a99d-0da2999e9c73] INFO  o.eclipse.m2e.core.internal.Bundles - 	Entry: C:\Users\Admin\.p2\pool\plugins\slf4j.api_2.0.17.jar
2026-07-04 17:53:58,654 [Worker-32: Launching mavenrun-e1d5359b-8316-4053-a99d-0da2999e9c73] INFO  o.eclipse.m2e.core.internal.Bundles - getClasspathEntries(Bundle=javax.inject_1.0.0.v20091030 [1223])
2026-07-04 17:53:58,654 [Worker-32: Launching mavenrun-e1d5359b-8316-4053-a99d-0da2999e9c73] INFO  o.eclipse.m2e.core.internal.Bundles - 	Entry: C:\Users\Admin\.p2\pool\plugins\javax.inject_1.0.0.v20091030.jar
2026-07-04 17:53:58,654 [Worker-32: Launching mavenrun-e1d5359b-8316-4053-a99d-0da2999e9c73] INFO  o.eclipse.m2e.core.internal.Bundles - getClasspathEntries(Bundle=javax.annotation_1.3.5.v20200909-1856 [44])
2026-07-04 17:53:58,654 [Worker-32: Launching mavenrun-e1d5359b-8316-4053-a99d-0da2999e9c73] INFO  o.eclipse.m2e.core.internal.Bundles - 	Entry: C:\Users\Admin\.p2\pool\plugins\javax.annotation_1.3.5.v20200909-1856.jar
2026-07-04 17:53:58,654 [Worker-32: Launching mavenrun-e1d5359b-8316-4053-a99d-0da2999e9c73] INFO  o.eclipse.m2e.core.internal.Bundles - getClasspathEntries(Bundle=org.apache.commons.cli_1.9.0 [1161])
2026-07-04 17:53:58,655 [Worker-32: Launching mavenrun-e1d5359b-8316-4053-a99d-0da2999e9c73] INFO  o.eclipse.m2e.core.internal.Bundles - 	Entry: C:\Users\Admin\.p2\pool\plugins\org.apache.commons.cli_1.9.0.jar
2026-07-04 17:53:58,655 [Worker-32: Launching mavenrun-e1d5359b-8316-4053-a99d-0da2999e9c73] INFO  o.eclipse.m2e.core.internal.Bundles - getClasspathEntries(Bundle=org.apache.commons.commons-codec_1.16.0 [81])
2026-07-04 17:53:58,655 [Worker-32: Launching mavenrun-e1d5359b-8316-4053-a99d-0da2999e9c73] INFO  o.eclipse.m2e.core.internal.Bundles - 	Entry: C:\Users\Admin\.p2\pool\plugins\org.apache.commons.commons-codec_1.16.0.jar
2026-07-04 17:53:58,655 [Worker-32: Launching mavenrun-e1d5359b-8316-4053-a99d-0da2999e9c73] INFO  o.eclipse.m2e.core.internal.Bundles - getClasspathEntries(Bundle=org.apache.commons.lang3_3.17.0 [1064])
2026-07-04 17:53:58,655 [Worker-32: Launching mavenrun-e1d5359b-8316-4053-a99d-0da2999e9c73] INFO  o.eclipse.m2e.core.internal.Bundles - 	Entry: C:\Users\Admin\.p2\pool\plugins\org.apache.commons.lang3_3.17.0.jar
2026-07-04 17:53:58,655 [Worker-32: Launching mavenrun-e1d5359b-8316-4053-a99d-0da2999e9c73] INFO  o.eclipse.m2e.core.internal.Bundles - getClasspathEntries(Bundle=com.google.guava.failureaccess_1.0.3 [1148])
2026-07-04 17:53:58,656 [Worker-32: Launching mavenrun-e1d5359b-8316-4053-a99d-0da2999e9c73] INFO  o.eclipse.m2e.core.internal.Bundles - 	Entry: C:\Users\Admin\.p2\pool\plugins\com.google.guava.failureaccess_1.0.3.jar
2026-07-04 17:53:58,660 [Worker-32: Launching mavenrun-e1d5359b-8316-4053-a99d-0da2999e9c73] INFO  o.e.m.i.launch.MavenLaunchDelegate - Run build in "C:\Users\Admin\AppData\Local\Temp\m2e-archetypeGenerator10847840663835803370":
2026-07-04 17:53:58,664 [Worker-32: Launching mavenrun-e1d5359b-8316-4053-a99d-0da2999e9c73] INFO  o.e.m.i.launch.MavenLaunchDelegate -  mvn  -DarchetypeGroupId=org.apache.maven.archetypes -DarchetypeArtifactId=maven-archetype-quickstart -DarchetypeVersion=1.1 -DgroupId=com.junit -DartifactId=JUnit_Learning -Dversion=0.0.1-SNAPSHOT -Dpackage=com.junit -DoutputDirectory="C:\Users\Admin\Automation TTS 8-00" -Dstyle.color=always -U archetype:generate
2026-07-04 17:54:06,559 [Worker-34: Creating maven-archetype-quickstart] INFO  o.e.m.c.i.p.ProjectConfigurationManager - Collecting project info '/pom.xml' C:\Users\Admin\Automation TTS 8-00\JUnit_Learning\pom.xml
2026-07-04 17:54:07,419 [Worker-34: Creating maven-archetype-quickstart] INFO  o.e.m.c.i.l.LifecycleMappingFactory - Using org.eclipse.m2e.jdt.JarLifecycleMapping lifecycle mapping for MavenProject: com.junit:JUnit_Learning:0.0.1-SNAPSHOT @ C:\Users\Admin\Automation TTS 8-00\JUnit_Learning\pom.xml.
2026-07-04 17:54:08,127 [Worker-34: Creating maven-archetype-quickstart] INFO  o.e.m.j.i.AbstractJavaProjectConfigurator - Adding source folder /JUnit_Learning/src/main/java
2026-07-04 17:54:08,130 [Worker-34: Creating maven-archetype-quickstart] INFO  o.e.m.j.i.AbstractJavaProjectConfigurator - Adding resource folder /JUnit_Learning/src/main/resources
2026-07-04 17:54:08,137 [Worker-34: Creating maven-archetype-quickstart] INFO  o.e.m.j.i.AbstractJavaProjectConfigurator - Adding source folder /JUnit_Learning/src/test/java
2026-07-04 17:54:08,138 [Worker-34: Creating maven-archetype-quickstart] INFO  o.e.m.j.i.AbstractJavaProjectConfigurator - Adding resource folder /JUnit_Learning/src/test/resources
2026-07-04 17:54:08,320 [Worker-34: Creating maven-archetype-quickstart] INFO  o.e.m.c.i.p.ProjectConfigurationManager - Imported and configured 1 project(s) in 1 sec
2026-07-04 17:54:09,235 [Worker-38: Building] INFO  o.a.m.s.f.DefaultMavenResourcesFiltering - skip non existing resourceDirectory C:\Users\Admin\Automation TTS 8-00\JUnit_Learning\src\main\resources
2026-07-04 17:54:09,240 [Worker-38: Building] INFO  o.a.m.s.f.DefaultMavenResourcesFiltering - skip non existing resourceDirectory C:\Users\Admin\Automation TTS 8-00\JUnit_Learning\src\test\resources
2026-07-04 17:55:34,050 [Worker-36: Building] INFO  o.e.m.c.i.l.LifecycleMappingFactory - Using org.eclipse.m2e.jdt.JarLifecycleMapping lifecycle mapping for MavenProject: com.junit:JUnit_Learning:0.0.1-SNAPSHOT @ C:\Users\Admin\Automation TTS 8-00\JUnit_Learning\pom.xml.
2026-07-04 17:55:34,227 [Worker-36: Building] INFO  o.a.m.s.f.DefaultMavenResourcesFiltering - skip non existing resourceDirectory C:\Users\Admin\Automation TTS 8-00\JUnit_Learning\src\main\resources
2026-07-04 17:55:34,231 [Worker-36: Building] INFO  o.a.m.s.f.DefaultMavenResourcesFiltering - skip non existing resourceDirectory C:\Users\Admin\Automation TTS 8-00\JUnit_Learning\src\test\resources
2026-07-04 17:55:35,673 [Worker-32: Building] INFO  o.a.m.s.f.DefaultMavenResourcesFiltering - skip non existing resourceDirectory C:\Users\Admin\Automation TTS 8-00\JUnit_Learning\src\main\resources
2026-07-04 17:55:35,675 [Worker-32: Building] INFO  o.a.m.s.f.DefaultMavenResourcesFiltering - skip non existing resourceDirectory C:\Users\Admin\Automation TTS 8-00\JUnit_Learning\src\test\resources
2026-07-04 17:56:10,641 [Worker-36: Building] INFO  o.a.m.s.f.DefaultMavenResourcesFiltering - skip non existing resourceDirectory C:\Users\Admin\Automation TTS 8-00\JUnit_Learning\src\main\resources
2026-07-04 17:56:10,645 [Worker-36: Building] INFO  o.a.m.s.f.DefaultMavenResourcesFiltering - skip non existing resourceDirectory C:\Users\Admin\Automation TTS 8-00\JUnit_Learning\src\test\resources
2026-07-04 17:56:14,977 [Worker-37: Building] INFO  o.a.m.s.f.DefaultMavenResourcesFiltering - skip non existing resourceDirectory C:\Users\Admin\Automation TTS 8-00\JUnit_Learning\src\main\resources
2026-07-04 17:56:14,979 [Worker-37: Building] INFO  o.a.m.s.f.DefaultMavenResourcesFiltering - skip non existing resourceDirectory C:\Users\Admin\Automation TTS 8-00\JUnit_Learning\src\test\resources
2026-07-04 17:56:18,184 [Worker-35: Building] INFO  o.a.m.s.f.DefaultMavenResourcesFiltering - skip non existing resourceDirectory C:\Users\Admin\Automation TTS 8-00\JUnit_Learning\src\main\resources
2026-07-04 17:56:18,185 [Worker-35: Building] INFO  o.a.m.s.f.DefaultMavenResourcesFiltering - skip non existing resourceDirectory C:\Users\Admin\Automation TTS 8-00\JUnit_Learning\src\test\resources
2026-07-04 17:57:03,635 [Worker-38: Building] INFO  o.a.m.s.f.DefaultMavenResourcesFiltering - skip non existing resourceDirectory C:\Users\Admin\Automation TTS 8-00\JUnit_Learning\src\main\resources
2026-07-04 17:57:03,643 [Worker-38: Building] INFO  o.a.m.s.f.DefaultMavenResourcesFiltering - skip non existing resourceDirectory C:\Users\Admin\Automation TTS 8-00\JUnit_Learning\src\test\resources
2026-07-04 17:57:18,013 [Worker-34: Building] INFO  o.a.m.s.f.DefaultMavenResourcesFiltering - skip non existing resourceDirectory C:\Users\Admin\Automation TTS 8-00\JUnit_Learning\src\main\resources
2026-07-04 17:57:18,014 [Worker-34: Building] INFO  o.a.m.s.f.DefaultMavenResourcesFiltering - skip non existing resourceDirectory C:\Users\Admin\Automation TTS 8-00\JUnit_Learning\src\test\resources
2026-07-04 17:57:19,064 [Worker-32: Building] INFO  o.a.m.s.f.DefaultMavenResourcesFiltering - skip non existing resourceDirectory C:\Users\Admin\Automation TTS 8-00\JUnit_Learning\src\main\resources
2026-07-04 17:57:19,066 [Worker-32: Building] INFO  o.a.m.s.f.DefaultMavenResourcesFiltering - skip non existing resourceDirectory C:\Users\Admin\Automation TTS 8-00\JUnit_Learning\src\test\resources
2026-07-04 17:58:03,697 [Worker-39: Building] INFO  o.a.m.s.f.DefaultMavenResourcesFiltering - skip non existing resourceDirectory C:\Users\Admin\Automation TTS 8-00\JUnit_Learning\src\main\resources
2026-07-04 17:58:03,699 [Worker-39: Building] INFO  o.a.m.s.f.DefaultMavenResourcesFiltering - skip non existing resourceDirectory C:\Users\Admin\Automation TTS 8-00\JUnit_Learning\src\test\resources
2026-07-04 17:58:17,611 [Worker-38: Building] INFO  o.a.m.s.f.DefaultMavenResourcesFiltering - skip non existing resourceDirectory C:\Users\Admin\Automation TTS 8-00\JUnit_Learning\src\main\resources
2026-07-04 17:58:17,612 [Worker-38: Building] INFO  o.a.m.s.f.DefaultMavenResourcesFiltering - skip non existing resourceDirectory C:\Users\Admin\Automation TTS 8-00\JUnit_Learning\src\test\resources
2026-07-04 17:58:57,432 [Worker-34: Building] INFO  o.a.m.s.f.DefaultMavenResourcesFiltering - skip non existing resourceDirectory C:\Users\Admin\Automation TTS 8-00\JUnit_Learning\src\main\resources
2026-07-04 17:58:57,434 [Worker-34: Building] INFO  o.a.m.s.f.DefaultMavenResourcesFiltering - skip non existing resourceDirectory C:\Users\Admin\Automation TTS 8-00\JUnit_Learning\src\test\resources
2026-07-04 17:59:34,889 [Worker-34: Building] INFO  o.a.m.s.f.DefaultMavenResourcesFiltering - skip non existing resourceDirectory C:\Users\Admin\Automation TTS 8-00\JUnit_Learning\src\main\resources
2026-07-04 17:59:34,891 [Worker-34: Building] INFO  o.a.m.s.f.DefaultMavenResourcesFiltering - skip non existing resourceDirectory C:\Users\Admin\Automation TTS 8-00\JUnit_Learning\src\test\resources
2026-07-04 17:59:52,311 [Worker-34: Building] INFO  o.a.m.s.f.DefaultMavenResourcesFiltering - skip non existing resourceDirectory C:\Users\Admin\Automation TTS 8-00\JUnit_Learning\src\main\resources
2026-07-04 17:59:52,312 [Worker-34: Building] INFO  o.a.m.s.f.DefaultMavenResourcesFiltering - skip non existing resourceDirectory C:\Users\Admin\Automation TTS 8-00\JUnit_Learning\src\test\resources
2026-07-04 17:59:59,432 [Worker-39: Building] INFO  o.a.m.s.f.DefaultMavenResourcesFiltering - skip non existing resourceDirectory C:\Users\Admin\Automation TTS 8-00\JUnit_Learning\src\main\resources
2026-07-04 17:59:59,434 [Worker-39: Building] INFO  o.a.m.s.f.DefaultMavenResourcesFiltering - skip non existing resourceDirectory C:\Users\Admin\Automation TTS 8-00\JUnit_Learning\src\test\resources
2026-07-04 18:00:11,312 [Worker-35: Building] INFO  o.a.m.s.f.DefaultMavenResourcesFiltering - skip non existing resourceDirectory C:\Users\Admin\Automation TTS 8-00\JUnit_Learning\src\main\resources
2026-07-04 18:00:11,313 [Worker-35: Building] INFO  o.a.m.s.f.DefaultMavenResourcesFiltering - skip non existing resourceDirectory C:\Users\Admin\Automation TTS 8-00\JUnit_Learning\src\test\resources
2026-07-04 18:00:21,060 [Worker-32: Building] INFO  o.a.m.s.f.DefaultMavenResourcesFiltering - skip non existing resourceDirectory C:\Users\Admin\Automation TTS 8-00\JUnit_Learning\src\main\resources
2026-07-04 18:00:21,061 [Worker-32: Building] INFO  o.a.m.s.f.DefaultMavenResourcesFiltering - skip non existing resourceDirectory C:\Users\Admin\Automation TTS 8-00\JUnit_Learning\src\test\resources
2026-07-04 18:00:36,663 [Worker-36: Building] INFO  o.a.m.s.f.DefaultMavenResourcesFiltering - skip non existing resourceDirectory C:\Users\Admin\Automation TTS 8-00\JUnit_Learning\src\main\resources
2026-07-04 18:00:36,664 [Worker-36: Building] INFO  o.a.m.s.f.DefaultMavenResourcesFiltering - skip non existing resourceDirectory C:\Users\Admin\Automation TTS 8-00\JUnit_Learning\src\test\resources
2026-07-04 18:01:25,991 [Worker-37: Building] INFO  o.a.m.s.f.DefaultMavenResourcesFiltering - skip non existing resourceDirectory C:\Users\Admin\Automation TTS 8-00\JUnit_Learning\src\main\resources
2026-07-04 18:01:25,993 [Worker-37: Building] INFO  o.a.m.s.f.DefaultMavenResourcesFiltering - skip non existing resourceDirectory C:\Users\Admin\Automation TTS 8-00\JUnit_Learning\src\test\resources
2026-07-04 18:02:02,349 [Worker-32: Building] INFO  o.a.m.s.f.DefaultMavenResourcesFiltering - skip non existing resourceDirectory C:\Users\Admin\Automation TTS 8-00\JUnit_Learning\src\main\resources
2026-07-04 18:02:02,351 [Worker-32: Building] INFO  o.a.m.s.f.DefaultMavenResourcesFiltering - skip non existing resourceDirectory C:\Users\Admin\Automation TTS 8-00\JUnit_Learning\src\test\resources
2026-07-04 18:02:18,660 [Worker-36: Building] INFO  o.a.m.s.f.DefaultMavenResourcesFiltering - skip non existing resourceDirectory C:\Users\Admin\Automation TTS 8-00\JUnit_Learning\src\main\resources
2026-07-04 18:02:18,661 [Worker-36: Building] INFO  o.a.m.s.f.DefaultMavenResourcesFiltering - skip non existing resourceDirectory C:\Users\Admin\Automation TTS 8-00\JUnit_Learning\src\test\resources
2026-07-04 18:02:19,686 [Worker-34: Building] INFO  o.a.m.s.f.DefaultMavenResourcesFiltering - skip non existing resourceDirectory C:\Users\Admin\Automation TTS 8-00\JUnit_Learning\src\main\resources
2026-07-04 18:02:19,687 [Worker-34: Building] INFO  o.a.m.s.f.DefaultMavenResourcesFiltering - skip non existing resourceDirectory C:\Users\Admin\Automation TTS 8-00\JUnit_Learning\src\test\resources
2026-07-04 18:02:20,719 [Worker-35: Building] INFO  o.a.m.s.f.DefaultMavenResourcesFiltering - skip non existing resourceDirectory C:\Users\Admin\Automation TTS 8-00\JUnit_Learning\src\main\resources
2026-07-04 18:02:20,720 [Worker-35: Building] INFO  o.a.m.s.f.DefaultMavenResourcesFiltering - skip non existing resourceDirectory C:\Users\Admin\Automation TTS 8-00\JUnit_Learning\src\test\resources
2026-07-04 18:02:57,792 [Worker-38: Building] INFO  o.a.m.s.f.DefaultMavenResourcesFiltering - skip non existing resourceDirectory C:\Users\Admin\Automation TTS 8-00\JUnit_Learning\src\main\resources
2026-07-04 18:02:57,801 [Worker-38: Building] INFO  o.a.m.s.f.DefaultMavenResourcesFiltering - skip non existing resourceDirectory C:\Users\Admin\Automation TTS 8-00\JUnit_Learning\src\test\resources
2026-07-04 18:04:47,618 [Worker-36: Building] INFO  o.a.m.s.f.DefaultMavenResourcesFiltering - skip non existing resourceDirectory C:\Users\Admin\Automation TTS 8-00\JUnit_Learning\src\main\resources
2026-07-04 18:04:47,619 [Worker-36: Building] INFO  o.a.m.s.f.DefaultMavenResourcesFiltering - skip non existing resourceDirectory C:\Users\Admin\Automation TTS 8-00\JUnit_Learning\src\test\resources
2026-07-04 18:04:48,684 [Worker-36: Building] INFO  o.a.m.s.f.DefaultMavenResourcesFiltering - skip non existing resourceDirectory C:\Users\Admin\Automation TTS 8-00\JUnit_Learning\src\main\resources
2026-07-04 18:04:48,685 [Worker-36: Building] INFO  o.a.m.s.f.DefaultMavenResourcesFiltering - skip non existing resourceDirectory C:\Users\Admin\Automation TTS 8-00\JUnit_Learning\src\test\resources
2026-07-04 18:05:44,327 [Worker-32: Building] INFO  o.a.m.s.f.DefaultMavenResourcesFiltering - skip non existing resourceDirectory C:\Users\Admin\Automation TTS 8-00\JUnit_Learning\src\main\resources
2026-07-04 18:05:44,328 [Worker-32: Building] INFO  o.a.m.s.f.DefaultMavenResourcesFiltering - skip non existing resourceDirectory C:\Users\Admin\Automation TTS 8-00\JUnit_Learning\src\test\resources
2026-07-04 18:05:46,433 [Worker-34: Building] INFO  o.a.m.s.f.DefaultMavenResourcesFiltering - skip non existing resourceDirectory C:\Users\Admin\Automation TTS 8-00\JUnit_Learning\src\main\resources
2026-07-04 18:05:46,434 [Worker-34: Building] INFO  o.a.m.s.f.DefaultMavenResourcesFiltering - skip non existing resourceDirectory C:\Users\Admin\Automation TTS 8-00\JUnit_Learning\src\test\resources
2026-07-04 18:06:11,925 [Worker-36: Building] INFO  o.a.m.s.f.DefaultMavenResourcesFiltering - skip non existing resourceDirectory C:\Users\Admin\Automation TTS 8-00\JUnit_Learning\src\main\resources
2026-07-04 18:06:11,926 [Worker-36: Building] INFO  o.a.m.s.f.DefaultMavenResourcesFiltering - skip non existing resourceDirectory C:\Users\Admin\Automation TTS 8-00\JUnit_Learning\src\test\resources
2026-07-04 18:06:21,454 [Worker-38: Building] INFO  o.a.m.s.f.DefaultMavenResourcesFiltering - skip non existing resourceDirectory C:\Users\Admin\Automation TTS 8-00\JUnit_Learning\src\main\resources
2026-07-04 18:06:21,455 [Worker-38: Building] INFO  o.a.m.s.f.DefaultMavenResourcesFiltering - skip non existing resourceDirectory C:\Users\Admin\Automation TTS 8-00\JUnit_Learning\src\test\resources
2026-07-04 18:06:49,833 [Worker-35: Building] INFO  o.a.m.s.f.DefaultMavenResourcesFiltering - skip non existing resourceDirectory C:\Users\Admin\Automation TTS 8-00\JUnit_Learning\src\main\resources
2026-07-04 18:06:49,834 [Worker-35: Building] INFO  o.a.m.s.f.DefaultMavenResourcesFiltering - skip non existing resourceDirectory C:\Users\Admin\Automation TTS 8-00\JUnit_Learning\src\test\resources
2026-07-04 18:07:06,013 [Worker-40: Building] INFO  o.a.m.s.f.DefaultMavenResourcesFiltering - skip non existing resourceDirectory C:\Users\Admin\Automation TTS 8-00\JUnit_Learning\src\main\resources
2026-07-04 18:07:06,014 [Worker-40: Building] INFO  o.a.m.s.f.DefaultMavenResourcesFiltering - skip non existing resourceDirectory C:\Users\Admin\Automation TTS 8-00\JUnit_Learning\src\test\resources
2026-07-04 18:07:40,130 [Worker-38: Building] INFO  o.a.m.s.f.DefaultMavenResourcesFiltering - skip non existing resourceDirectory C:\Users\Admin\Automation TTS 8-00\JUnit_Learning\src\main\resources
2026-07-04 18:07:40,131 [Worker-38: Building] INFO  o.a.m.s.f.DefaultMavenResourcesFiltering - skip non existing resourceDirectory C:\Users\Admin\Automation TTS 8-00\JUnit_Learning\src\test\resources
2026-07-04 18:08:24,143 [Worker-34: Building] INFO  o.a.m.s.f.DefaultMavenResourcesFiltering - skip non existing resourceDirectory C:\Users\Admin\Automation TTS 8-00\JUnit_Learning\src\main\resources
2026-07-04 18:08:24,144 [Worker-34: Building] INFO  o.a.m.s.f.DefaultMavenResourcesFiltering - skip non existing resourceDirectory C:\Users\Admin\Automation TTS 8-00\JUnit_Learning\src\test\resources
2026-07-04 18:08:25,158 [Worker-35: Building] INFO  o.a.m.s.f.DefaultMavenResourcesFiltering - skip non existing resourceDirectory C:\Users\Admin\Automation TTS 8-00\JUnit_Learning\src\main\resources
2026-07-04 18:08:25,160 [Worker-35: Building] INFO  o.a.m.s.f.DefaultMavenResourcesFiltering - skip non existing resourceDirectory C:\Users\Admin\Automation TTS 8-00\JUnit_Learning\src\test\resources
2026-07-04 18:08:45,938 [Worker-35: Building] INFO  o.a.m.s.f.DefaultMavenResourcesFiltering - skip non existing resourceDirectory C:\Users\Admin\Automation TTS 8-00\JUnit_Learning\src\main\resources
2026-07-04 18:08:45,939 [Worker-35: Building] INFO  o.a.m.s.f.DefaultMavenResourcesFiltering - skip non existing resourceDirectory C:\Users\Admin\Automation TTS 8-00\JUnit_Learning\src\test\resources
2026-07-04 18:10:45,186 [Worker-32: Building] INFO  o.a.m.s.f.DefaultMavenResourcesFiltering - skip non existing resourceDirectory C:\Users\Admin\Automation TTS 8-00\JUnit_Learning\src\main\resources
2026-07-04 18:10:45,188 [Worker-32: Building] INFO  o.a.m.s.f.DefaultMavenResourcesFiltering - skip non existing resourceDirectory C:\Users\Admin\Automation TTS 8-00\JUnit_Learning\src\test\resources
2026-07-04 18:12:09,343 [Worker-37: Building] INFO  o.a.m.s.f.DefaultMavenResourcesFiltering - skip non existing resourceDirectory C:\Users\Admin\Automation TTS 8-00\JUnit_Learning\src\main\resources
2026-07-04 18:12:09,345 [Worker-37: Building] INFO  o.a.m.s.f.DefaultMavenResourcesFiltering - skip non existing resourceDirectory C:\Users\Admin\Automation TTS 8-00\JUnit_Learning\src\test\resources
2026-07-04 18:12:44,479 [Worker-36: Building] INFO  o.a.m.s.f.DefaultMavenResourcesFiltering - skip non existing resourceDirectory C:\Users\Admin\Automation TTS 8-00\JUnit_Learning\src\main\resources
2026-07-04 18:12:44,480 [Worker-36: Building] INFO  o.a.m.s.f.DefaultMavenResourcesFiltering - skip non existing resourceDirectory C:\Users\Admin\Automation TTS 8-00\JUnit_Learning\src\test\resources
2026-07-04 18:13:49,294 [Worker-32: Building] INFO  o.a.m.s.f.DefaultMavenResourcesFiltering - skip non existing resourceDirectory C:\Users\Admin\Automation TTS 8-00\JUnit_Learning\src\main\resources
2026-07-04 18:13:49,296 [Worker-32: Building] INFO  o.a.m.s.f.DefaultMavenResourcesFiltering - skip non existing resourceDirectory C:\Users\Admin\Automation TTS 8-00\JUnit_Learning\src\test\resources
2026-07-04 18:14:18,186 [Worker-36: Building] INFO  o.a.m.s.f.DefaultMavenResourcesFiltering - skip non existing resourceDirectory C:\Users\Admin\Automation TTS 8-00\JUnit_Learning\src\main\resources
2026-07-04 18:14:18,187 [Worker-36: Building] INFO  o.a.m.s.f.DefaultMavenResourcesFiltering - skip non existing resourceDirectory C:\Users\Admin\Automation TTS 8-00\JUnit_Learning\src\test\resources
2026-07-04 18:15:17,926 [Worker-41: Building] INFO  o.a.m.s.f.DefaultMavenResourcesFiltering - skip non existing resourceDirectory C:\Users\Admin\Automation TTS 8-00\JUnit_Learning\src\main\resources
2026-07-04 18:15:17,929 [Worker-41: Building] INFO  o.a.m.s.f.DefaultMavenResourcesFiltering - skip non existing resourceDirectory C:\Users\Admin\Automation TTS 8-00\JUnit_Learning\src\test\resources
2026-07-04 18:15:43,931 [Worker-32: Building] INFO  o.e.m.c.i.l.LifecycleMappingFactory - Using org.eclipse.m2e.jdt.JarLifecycleMapping lifecycle mapping for MavenProject: com.junit:JUnit_Learning:0.0.1-SNAPSHOT @ C:\Users\Admin\Automation TTS 8-00\JUnit_Learning\pom.xml.
2026-07-04 18:15:44,584 [Worker-32: Building] INFO  o.a.m.s.f.DefaultMavenResourcesFiltering - skip non existing resourceDirectory C:\Users\Admin\Automation TTS 8-00\JUnit_Learning\src\main\resources
2026-07-04 18:15:44,592 [Worker-32: Building] INFO  o.a.m.s.f.DefaultMavenResourcesFiltering - skip non existing resourceDirectory C:\Users\Admin\Automation TTS 8-00\JUnit_Learning\src\test\resources
2026-07-04 18:15:45,807 [Worker-32: Building] INFO  o.a.m.s.f.DefaultMavenResourcesFiltering - skip non existing resourceDirectory C:\Users\Admin\Automation TTS 8-00\JUnit_Learning\src\main\resources
2026-07-04 18:15:45,811 [Worker-32: Building] INFO  o.a.m.s.f.DefaultMavenResourcesFiltering - skip non existing resourceDirectory C:\Users\Admin\Automation TTS 8-00\JUnit_Learning\src\test\resources
2026-07-04 18:16:09,006 [Worker-36: Building] INFO  o.a.m.s.f.DefaultMavenResourcesFiltering - skip non existing resourceDirectory C:\Users\Admin\Automation TTS 8-00\JUnit_Learning\src\main\resources
2026-07-04 18:16:09,008 [Worker-36: Building] INFO  o.a.m.s.f.DefaultMavenResourcesFiltering - skip non existing resourceDirectory C:\Users\Admin\Automation TTS 8-00\JUnit_Learning\src\test\resources
2026-07-04 18:16:12,074 [Worker-34: Building] INFO  o.a.m.s.f.DefaultMavenResourcesFiltering - skip non existing resourceDirectory C:\Users\Admin\Automation TTS 8-00\JUnit_Learning\src\main\resources
2026-07-04 18:16:12,075 [Worker-34: Building] INFO  o.a.m.s.f.DefaultMavenResourcesFiltering - skip non existing resourceDirectory C:\Users\Admin\Automation TTS 8-00\JUnit_Learning\src\test\resources
2026-07-04 18:16:42,652 [Worker-34: Building] INFO  o.a.m.s.f.DefaultMavenResourcesFiltering - skip non existing resourceDirectory C:\Users\Admin\Automation TTS 8-00\JUnit_Learning\src\main\resources
2026-07-04 18:16:42,653 [Worker-34: Building] INFO  o.a.m.s.f.DefaultMavenResourcesFiltering - skip non existing resourceDirectory C:\Users\Admin\Automation TTS 8-00\JUnit_Learning\src\test\resources
2026-07-04 18:16:51,162 [Worker-38: Building] INFO  o.a.m.s.f.DefaultMavenResourcesFiltering - skip non existing resourceDirectory C:\Users\Admin\Automation TTS 8-00\JUnit_Learning\src\main\resources
2026-07-04 18:16:51,163 [Worker-38: Building] INFO  o.a.m.s.f.DefaultMavenResourcesFiltering - skip non existing resourceDirectory C:\Users\Admin\Automation TTS 8-00\JUnit_Learning\src\test\resources
2026-07-04 18:17:18,576 [Worker-40: Building] INFO  o.a.m.s.f.DefaultMavenResourcesFiltering - skip non existing resourceDirectory C:\Users\Admin\Automation TTS 8-00\JUnit_Learning\src\main\resources
2026-07-04 18:17:18,577 [Worker-40: Building] INFO  o.a.m.s.f.DefaultMavenResourcesFiltering - skip non existing resourceDirectory C:\Users\Admin\Automation TTS 8-00\JUnit_Learning\src\test\resources
2026-07-04 18:17:19,654 [Worker-37: Building] INFO  o.a.m.s.f.DefaultMavenResourcesFiltering - skip non existing resourceDirectory C:\Users\Admin\Automation TTS 8-00\JUnit_Learning\src\main\resources
2026-07-04 18:17:19,655 [Worker-37: Building] INFO  o.a.m.s.f.DefaultMavenResourcesFiltering - skip non existing resourceDirectory C:\Users\Admin\Automation TTS 8-00\JUnit_Learning\src\test\resources
2026-07-04 18:17:35,366 [Worker-40: Building] INFO  o.a.m.s.f.DefaultMavenResourcesFiltering - skip non existing resourceDirectory C:\Users\Admin\Automation TTS 8-00\JUnit_Learning\src\main\resources
2026-07-04 18:17:35,367 [Worker-40: Building] INFO  o.a.m.s.f.DefaultMavenResourcesFiltering - skip non existing resourceDirectory C:\Users\Admin\Automation TTS 8-00\JUnit_Learning\src\test\resources
2026-07-04 18:17:36,394 [Worker-36: Building] INFO  o.a.m.s.f.DefaultMavenResourcesFiltering - skip non existing resourceDirectory C:\Users\Admin\Automation TTS 8-00\JUnit_Learning\src\main\resources
2026-07-04 18:17:36,395 [Worker-36: Building] INFO  o.a.m.s.f.DefaultMavenResourcesFiltering - skip non existing resourceDirectory C:\Users\Admin\Automation TTS 8-00\JUnit_Learning\src\test\resources
2026-07-04 18:17:37,424 [Worker-37: Building] INFO  o.a.m.s.f.DefaultMavenResourcesFiltering - skip non existing resourceDirectory C:\Users\Admin\Automation TTS 8-00\JUnit_Learning\src\main\resources
2026-07-04 18:17:37,425 [Worker-37: Building] INFO  o.a.m.s.f.DefaultMavenResourcesFiltering - skip non existing resourceDirectory C:\Users\Admin\Automation TTS 8-00\JUnit_Learning\src\test\resources
2026-07-04 18:17:59,651 [Worker-32: Building] INFO  o.a.m.s.f.DefaultMavenResourcesFiltering - skip non existing resourceDirectory C:\Users\Admin\Automation TTS 8-00\JUnit_Learning\src\main\resources
2026-07-04 18:17:59,652 [Worker-32: Building] INFO  o.a.m.s.f.DefaultMavenResourcesFiltering - skip non existing resourceDirectory C:\Users\Admin\Automation TTS 8-00\JUnit_Learning\src\test\resources
2026-07-04 18:18:24,074 [Worker-36: Building] INFO  o.a.m.s.f.DefaultMavenResourcesFiltering - skip non existing resourceDirectory C:\Users\Admin\Automation TTS 8-00\JUnit_Learning\src\main\resources
2026-07-04 18:18:24,075 [Worker-36: Building] INFO  o.a.m.s.f.DefaultMavenResourcesFiltering - skip non existing resourceDirectory C:\Users\Admin\Automation TTS 8-00\JUnit_Learning\src\test\resources
2026-07-04 18:18:25,103 [Worker-36: Building] INFO  o.a.m.s.f.DefaultMavenResourcesFiltering - skip non existing resourceDirectory C:\Users\Admin\Automation TTS 8-00\JUnit_Learning\src\main\resources
2026-07-04 18:18:25,104 [Worker-36: Building] INFO  o.a.m.s.f.DefaultMavenResourcesFiltering - skip non existing resourceDirectory C:\Users\Admin\Automation TTS 8-00\JUnit_Learning\src\test\resources
2026-07-04 18:18:41,003 [Worker-38: Building] INFO  o.a.m.s.f.DefaultMavenResourcesFiltering - skip non existing resourceDirectory C:\Users\Admin\Automation TTS 8-00\JUnit_Learning\src\main\resources
2026-07-04 18:18:41,004 [Worker-38: Building] INFO  o.a.m.s.f.DefaultMavenResourcesFiltering - skip non existing resourceDirectory C:\Users\Admin\Automation TTS 8-00\JUnit_Learning\src\test\resources
2026-07-04 18:19:52,636 [Worker-41: Building] INFO  o.a.m.s.f.DefaultMavenResourcesFiltering - skip non existing resourceDirectory C:\Users\Admin\Automation TTS 8-00\JUnit_Learning\src\main\resources
2026-07-04 18:19:52,637 [Worker-41: Building] INFO  o.a.m.s.f.DefaultMavenResourcesFiltering - skip non existing resourceDirectory C:\Users\Admin\Automation TTS 8-00\JUnit_Learning\src\test\resources
2026-07-04 18:20:14,411 [Worker-40: Building] INFO  o.a.m.s.f.DefaultMavenResourcesFiltering - skip non existing resourceDirectory C:\Users\Admin\Automation TTS 8-00\JUnit_Learning\src\main\resources
2026-07-04 18:20:14,413 [Worker-40: Building] INFO  o.a.m.s.f.DefaultMavenResourcesFiltering - skip non existing resourceDirectory C:\Users\Admin\Automation TTS 8-00\JUnit_Learning\src\test\resources
2026-07-04 18:20:19,251 [Worker-34: Building] INFO  o.a.m.s.f.DefaultMavenResourcesFiltering - skip non existing resourceDirectory C:\Users\Admin\Automation TTS 8-00\JUnit_Learning\src\main\resources
2026-07-04 18:20:19,252 [Worker-34: Building] INFO  o.a.m.s.f.DefaultMavenResourcesFiltering - skip non existing resourceDirectory C:\Users\Admin\Automation TTS 8-00\JUnit_Learning\src\test\resources
2026-07-04 18:20:59,077 [Worker-40: Building] INFO  o.a.m.s.f.DefaultMavenResourcesFiltering - skip non existing resourceDirectory C:\Users\Admin\Automation TTS 8-00\JUnit_Learning\src\main\resources
2026-07-04 18:20:59,080 [Worker-40: Building] INFO  o.a.m.s.f.DefaultMavenResourcesFiltering - skip non existing resourceDirectory C:\Users\Admin\Automation TTS 8-00\JUnit_Learning\src\test\resources
2026-07-04 18:21:18,929 [Worker-32: Building] INFO  o.a.m.s.f.DefaultMavenResourcesFiltering - skip non existing resourceDirectory C:\Users\Admin\Automation TTS 8-00\JUnit_Learning\src\main\resources
2026-07-04 18:21:18,930 [Worker-32: Building] INFO  o.a.m.s.f.DefaultMavenResourcesFiltering - skip non existing resourceDirectory C:\Users\Admin\Automation TTS 8-00\JUnit_Learning\src\test\resources
2026-07-04 18:21:30,407 [Worker-38: Building] INFO  o.a.m.s.f.DefaultMavenResourcesFiltering - skip non existing resourceDirectory C:\Users\Admin\Automation TTS 8-00\JUnit_Learning\src\main\resources
2026-07-04 18:21:30,408 [Worker-38: Building] INFO  o.a.m.s.f.DefaultMavenResourcesFiltering - skip non existing resourceDirectory C:\Users\Admin\Automation TTS 8-00\JUnit_Learning\src\test\resources
2026-07-04 18:21:41,126 [Worker-38: Building] INFO  o.a.m.s.f.DefaultMavenResourcesFiltering - skip non existing resourceDirectory C:\Users\Admin\Automation TTS 8-00\JUnit_Learning\src\main\resources
2026-07-04 18:21:41,127 [Worker-38: Building] INFO  o.a.m.s.f.DefaultMavenResourcesFiltering - skip non existing resourceDirectory C:\Users\Admin\Automation TTS 8-00\JUnit_Learning\src\test\resources
2026-07-04 18:21:43,240 [Worker-34: Building] INFO  o.a.m.s.f.DefaultMavenResourcesFiltering - skip non existing resourceDirectory C:\Users\Admin\Automation TTS 8-00\JUnit_Learning\src\main\resources
2026-07-04 18:21:43,240 [Worker-34: Building] INFO  o.a.m.s.f.DefaultMavenResourcesFiltering - skip non existing resourceDirectory C:\Users\Admin\Automation TTS 8-00\JUnit_Learning\src\test\resources
2026-07-04 18:21:58,183 [Worker-36: Building] INFO  o.a.m.s.f.DefaultMavenResourcesFiltering - skip non existing resourceDirectory C:\Users\Admin\Automation TTS 8-00\JUnit_Learning\src\main\resources
2026-07-04 18:21:58,183 [Worker-36: Building] INFO  o.a.m.s.f.DefaultMavenResourcesFiltering - skip non existing resourceDirectory C:\Users\Admin\Automation TTS 8-00\JUnit_Learning\src\test\resources
2026-07-04 18:22:04,627 [Worker-38: Building] INFO  o.a.m.s.f.DefaultMavenResourcesFiltering - skip non existing resourceDirectory C:\Users\Admin\Automation TTS 8-00\JUnit_Learning\src\main\resources
2026-07-04 18:22:04,629 [Worker-38: Building] INFO  o.a.m.s.f.DefaultMavenResourcesFiltering - skip non existing resourceDirectory C:\Users\Admin\Automation TTS 8-00\JUnit_Learning\src\test\resources
2026-07-04 18:22:14,653 [Worker-40: Building] INFO  o.a.m.s.f.DefaultMavenResourcesFiltering - skip non existing resourceDirectory C:\Users\Admin\Automation TTS 8-00\JUnit_Learning\src\main\resources
2026-07-04 18:22:14,655 [Worker-40: Building] INFO  o.a.m.s.f.DefaultMavenResourcesFiltering - skip non existing resourceDirectory C:\Users\Admin\Automation TTS 8-00\JUnit_Learning\src\test\resources
2026-07-04 18:23:01,676 [Worker-37: Building] INFO  o.a.m.s.f.DefaultMavenResourcesFiltering - skip non existing resourceDirectory C:\Users\Admin\Automation TTS 8-00\JUnit_Learning\src\main\resources
2026-07-04 18:23:01,677 [Worker-37: Building] INFO  o.a.m.s.f.DefaultMavenResourcesFiltering - skip non existing resourceDirectory C:\Users\Admin\Automation TTS 8-00\JUnit_Learning\src\test\resources
2026-07-04 18:23:02,703 [Worker-36: Building] INFO  o.a.m.s.f.DefaultMavenResourcesFiltering - skip non existing resourceDirectory C:\Users\Admin\Automation TTS 8-00\JUnit_Learning\src\main\resources
2026-07-04 18:23:02,704 [Worker-36: Building] INFO  o.a.m.s.f.DefaultMavenResourcesFiltering - skip non existing resourceDirectory C:\Users\Admin\Automation TTS 8-00\JUnit_Learning\src\test\resources
2026-07-04 18:23:42,955 [Worker-37: Building] INFO  o.a.m.s.f.DefaultMavenResourcesFiltering - skip non existing resourceDirectory C:\Users\Admin\Automation TTS 8-00\JUnit_Learning\src\main\resources
2026-07-04 18:23:42,956 [Worker-37: Building] INFO  o.a.m.s.f.DefaultMavenResourcesFiltering - skip non existing resourceDirectory C:\Users\Admin\Automation TTS 8-00\JUnit_Learning\src\test\resources
2026-07-04 18:23:45,099 [Worker-36: Building] INFO  o.a.m.s.f.DefaultMavenResourcesFiltering - skip non existing resourceDirectory C:\Users\Admin\Automation TTS 8-00\JUnit_Learning\src\main\resources
2026-07-04 18:23:45,100 [Worker-36: Building] INFO  o.a.m.s.f.DefaultMavenResourcesFiltering - skip non existing resourceDirectory C:\Users\Admin\Automation TTS 8-00\JUnit_Learning\src\test\resources
2026-07-04 18:24:08,177 [Worker-37: Building] INFO  o.a.m.s.f.DefaultMavenResourcesFiltering - skip non existing resourceDirectory C:\Users\Admin\Automation TTS 8-00\JUnit_Learning\src\main\resources
2026-07-04 18:24:08,178 [Worker-37: Building] INFO  o.a.m.s.f.DefaultMavenResourcesFiltering - skip non existing resourceDirectory C:\Users\Admin\Automation TTS 8-00\JUnit_Learning\src\test\resources
2026-07-04 18:24:49,483 [Worker-37: Building] INFO  o.a.m.s.f.DefaultMavenResourcesFiltering - skip non existing resourceDirectory C:\Users\Admin\Automation TTS 8-00\JUnit_Learning\src\main\resources
2026-07-04 18:24:49,484 [Worker-37: Building] INFO  o.a.m.s.f.DefaultMavenResourcesFiltering - skip non existing resourceDirectory C:\Users\Admin\Automation TTS 8-00\JUnit_Learning\src\test\resources
2026-07-04 18:24:52,101 [Worker-41: Building] INFO  o.a.m.s.f.DefaultMavenResourcesFiltering - skip non existing resourceDirectory C:\Users\Admin\Automation TTS 8-00\JUnit_Learning\src\main\resources
2026-07-04 18:24:52,101 [Worker-41: Building] INFO  o.a.m.s.f.DefaultMavenResourcesFiltering - skip non existing resourceDirectory C:\Users\Admin\Automation TTS 8-00\JUnit_Learning\src\test\resources
2026-07-04 18:24:57,547 [Worker-37: Building] INFO  o.a.m.s.f.DefaultMavenResourcesFiltering - skip non existing resourceDirectory C:\Users\Admin\Automation TTS 8-00\JUnit_Learning\src\main\resources
2026-07-04 18:24:57,548 [Worker-37: Building] INFO  o.a.m.s.f.DefaultMavenResourcesFiltering - skip non existing resourceDirectory C:\Users\Admin\Automation TTS 8-00\JUnit_Learning\src\test\resources
2026-07-04 18:25:05,868 [Worker-38: Building] INFO  o.a.m.s.f.DefaultMavenResourcesFiltering - skip non existing resourceDirectory C:\Users\Admin\Automation TTS 8-00\JUnit_Learning\src\main\resources
2026-07-04 18:25:05,868 [Worker-38: Building] INFO  o.a.m.s.f.DefaultMavenResourcesFiltering - skip non existing resourceDirectory C:\Users\Admin\Automation TTS 8-00\JUnit_Learning\src\test\resources
2026-07-04 18:25:50,616 [Worker-37: Building] INFO  o.a.m.s.f.DefaultMavenResourcesFiltering - skip non existing resourceDirectory C:\Users\Admin\Automation TTS 8-00\JUnit_Learning\src\main\resources
2026-07-04 18:25:50,617 [Worker-37: Building] INFO  o.a.m.s.f.DefaultMavenResourcesFiltering - skip non existing resourceDirectory C:\Users\Admin\Automation TTS 8-00\JUnit_Learning\src\test\resources
2026-07-04 18:26:32,556 [Worker-41: Building] INFO  o.a.m.s.f.DefaultMavenResourcesFiltering - skip non existing resourceDirectory C:\Users\Admin\Automation TTS 8-00\JUnit_Learning\src\main\resources
2026-07-04 18:26:32,557 [Worker-41: Building] INFO  o.a.m.s.f.DefaultMavenResourcesFiltering - skip non existing resourceDirectory C:\Users\Admin\Automation TTS 8-00\JUnit_Learning\src\test\resources
2026-07-04 18:27:18,659 [Worker-34: Building] INFO  o.a.m.s.f.DefaultMavenResourcesFiltering - skip non existing resourceDirectory C:\Users\Admin\Automation TTS 8-00\JUnit_Learning\src\main\resources
2026-07-04 18:27:18,661 [Worker-34: Building] INFO  o.a.m.s.f.DefaultMavenResourcesFiltering - skip non existing resourceDirectory C:\Users\Admin\Automation TTS 8-00\JUnit_Learning\src\test\resources
2026-07-04 18:27:20,733 [Worker-38: Building] INFO  o.a.m.s.f.DefaultMavenResourcesFiltering - skip non existing resourceDirectory C:\Users\Admin\Automation TTS 8-00\JUnit_Learning\src\main\resources
2026-07-04 18:27:20,734 [Worker-38: Building] INFO  o.a.m.s.f.DefaultMavenResourcesFiltering - skip non existing resourceDirectory C:\Users\Admin\Automation TTS 8-00\JUnit_Learning\src\test\resources
2026-07-04 18:30:12,714 [Worker-41: Building] INFO  o.a.m.s.f.DefaultMavenResourcesFiltering - skip non existing resourceDirectory C:\Users\Admin\Automation TTS 8-00\JUnit_Learning\src\main\resources
2026-07-04 18:30:12,715 [Worker-41: Building] INFO  o.a.m.s.f.DefaultMavenResourcesFiltering - skip non existing resourceDirectory C:\Users\Admin\Automation TTS 8-00\JUnit_Learning\src\test\resources
2026-07-04 18:30:57,769 [Worker-36: Building] INFO  o.a.m.s.f.DefaultMavenResourcesFiltering - skip non existing resourceDirectory C:\Users\Admin\Automation TTS 8-00\JUnit_Learning\src\main\resources
2026-07-04 18:30:57,770 [Worker-36: Building] INFO  o.a.m.s.f.DefaultMavenResourcesFiltering - skip non existing resourceDirectory C:\Users\Admin\Automation TTS 8-00\JUnit_Learning\src\test\resources
2026-07-04 18:31:20,254 [Worker-36: Building] INFO  o.a.m.s.f.DefaultMavenResourcesFiltering - skip non existing resourceDirectory C:\Users\Admin\Automation TTS 8-00\JUnit_Learning\src\main\resources
2026-07-04 18:31:20,255 [Worker-36: Building] INFO  o.a.m.s.f.DefaultMavenResourcesFiltering - skip non existing resourceDirectory C:\Users\Admin\Automation TTS 8-00\JUnit_Learning\src\test\resources
2026-07-04 18:33:10,809 [Worker-41: Building] INFO  o.a.m.s.f.DefaultMavenResourcesFiltering - skip non existing resourceDirectory C:\Users\Admin\Automation TTS 8-00\JUnit_Learning\src\main\resources
2026-07-04 18:33:10,811 [Worker-41: Building] INFO  o.a.m.s.f.DefaultMavenResourcesFiltering - skip non existing resourceDirectory C:\Users\Admin\Automation TTS 8-00\JUnit_Learning\src\test\resources
2026-07-04 18:36:55,960 [Worker-42: Building] INFO  o.a.m.s.f.DefaultMavenResourcesFiltering - skip non existing resourceDirectory C:\Users\Admin\Automation TTS 8-00\JUnit_Learning\src\main\resources
2026-07-04 18:36:55,961 [Worker-42: Building] INFO  o.a.m.s.f.DefaultMavenResourcesFiltering - skip non existing resourceDirectory C:\Users\Admin\Automation TTS 8-00\JUnit_Learning\src\test\resources
2026-07-04 18:38:43,392 [Worker-40: Building] INFO  o.a.m.s.f.DefaultMavenResourcesFiltering - skip non existing resourceDirectory C:\Users\Admin\Automation TTS 8-00\JUnit_Learning\src\main\resources
2026-07-04 18:38:43,393 [Worker-40: Building] INFO  o.a.m.s.f.DefaultMavenResourcesFiltering - skip non existing resourceDirectory C:\Users\Admin\Automation TTS 8-00\JUnit_Learning\src\test\resources
2026-07-04 18:39:06,053 [Worker-45: Building] INFO  o.a.m.s.f.DefaultMavenResourcesFiltering - skip non existing resourceDirectory C:\Users\Admin\Automation TTS 8-00\JUnit_Learning\src\main\resources
2026-07-04 18:39:06,054 [Worker-45: Building] INFO  o.a.m.s.f.DefaultMavenResourcesFiltering - skip non existing resourceDirectory C:\Users\Admin\Automation TTS 8-00\JUnit_Learning\src\test\resources
2026-07-04 18:39:43,312 [Worker-46: Building] INFO  o.a.m.s.f.DefaultMavenResourcesFiltering - skip non existing resourceDirectory C:\Users\Admin\Automation TTS 8-00\JUnit_Learning\src\main\resources
2026-07-04 18:39:43,313 [Worker-46: Building] INFO  o.a.m.s.f.DefaultMavenResourcesFiltering - skip non existing resourceDirectory C:\Users\Admin\Automation TTS 8-00\JUnit_Learning\src\test\resources
2026-07-04 18:40:25,904 [Worker-43: Building] INFO  o.a.m.s.f.DefaultMavenResourcesFiltering - skip non existing resourceDirectory C:\Users\Admin\Automation TTS 8-00\JUnit_Learning\src\main\resources
2026-07-04 18:40:25,906 [Worker-43: Building] INFO  o.a.m.s.f.DefaultMavenResourcesFiltering - skip non existing resourceDirectory C:\Users\Admin\Automation TTS 8-00\JUnit_Learning\src\test\resources
2026-07-04 18:40:32,571 [Worker-46: Building] INFO  o.a.m.s.f.DefaultMavenResourcesFiltering - skip non existing resourceDirectory C:\Users\Admin\Automation TTS 8-00\JUnit_Learning\src\main\resources
2026-07-04 18:40:32,572 [Worker-46: Building] INFO  o.a.m.s.f.DefaultMavenResourcesFiltering - skip non existing resourceDirectory C:\Users\Admin\Automation TTS 8-00\JUnit_Learning\src\test\resources
2026-07-04 18:40:37,485 [Worker-45: Building] INFO  o.a.m.s.f.DefaultMavenResourcesFiltering - skip non existing resourceDirectory C:\Users\Admin\Automation TTS 8-00\JUnit_Learning\src\main\resources
2026-07-04 18:40:37,486 [Worker-45: Building] INFO  o.a.m.s.f.DefaultMavenResourcesFiltering - skip non existing resourceDirectory C:\Users\Admin\Automation TTS 8-00\JUnit_Learning\src\test\resources
2026-07-04 18:40:38,523 [Worker-46: Building] INFO  o.a.m.s.f.DefaultMavenResourcesFiltering - skip non existing resourceDirectory C:\Users\Admin\Automation TTS 8-00\JUnit_Learning\src\main\resources
2026-07-04 18:40:38,525 [Worker-46: Building] INFO  o.a.m.s.f.DefaultMavenResourcesFiltering - skip non existing resourceDirectory C:\Users\Admin\Automation TTS 8-00\JUnit_Learning\src\test\resources
2026-07-04 18:42:51,888 [Worker-44: Building] INFO  o.a.m.s.f.DefaultMavenResourcesFiltering - skip non existing resourceDirectory C:\Users\Admin\Automation TTS 8-00\JUnit_Learning\src\main\resources
2026-07-04 18:42:51,889 [Worker-44: Building] INFO  o.a.m.s.f.DefaultMavenResourcesFiltering - skip non existing resourceDirectory C:\Users\Admin\Automation TTS 8-00\JUnit_Learning\src\test\resources
2026-07-04 18:43:12,872 [Worker-40: Building] INFO  o.a.m.s.f.DefaultMavenResourcesFiltering - skip non existing resourceDirectory C:\Users\Admin\Automation TTS 8-00\JUnit_Learning\src\main\resources
2026-07-04 18:43:12,873 [Worker-40: Building] INFO  o.a.m.s.f.DefaultMavenResourcesFiltering - skip non existing resourceDirectory C:\Users\Admin\Automation TTS 8-00\JUnit_Learning\src\test\resources
2026-07-04 18:43:14,591 [Worker-44: Building] INFO  o.a.m.s.f.DefaultMavenResourcesFiltering - skip non existing resourceDirectory C:\Users\Admin\Automation TTS 8-00\JUnit_Learning\src\main\resources
2026-07-04 18:43:14,591 [Worker-44: Building] INFO  o.a.m.s.f.DefaultMavenResourcesFiltering - skip non existing resourceDirectory C:\Users\Admin\Automation TTS 8-00\JUnit_Learning\src\test\resources
2026-07-04 18:43:29,384 [Worker-48: Building] INFO  o.a.m.s.f.DefaultMavenResourcesFiltering - skip non existing resourceDirectory C:\Users\Admin\Automation TTS 8-00\JUnit_Learning\src\main\resources
2026-07-04 18:43:29,385 [Worker-48: Building] INFO  o.a.m.s.f.DefaultMavenResourcesFiltering - skip non existing resourceDirectory C:\Users\Admin\Automation TTS 8-00\JUnit_Learning\src\test\resources
2026-07-04 18:43:49,160 [Worker-48: Building] INFO  o.a.m.s.f.DefaultMavenResourcesFiltering - skip non existing resourceDirectory C:\Users\Admin\Automation TTS 8-00\JUnit_Learning\src\main\resources
2026-07-04 18:43:49,162 [Worker-48: Building] INFO  o.a.m.s.f.DefaultMavenResourcesFiltering - skip non existing resourceDirectory C:\Users\Admin\Automation TTS 8-00\JUnit_Learning\src\test\resources
2026-07-04 18:43:50,191 [Worker-45: Building] INFO  o.a.m.s.f.DefaultMavenResourcesFiltering - skip non existing resourceDirectory C:\Users\Admin\Automation TTS 8-00\JUnit_Learning\src\main\resources
2026-07-04 18:43:50,192 [Worker-45: Building] INFO  o.a.m.s.f.DefaultMavenResourcesFiltering - skip non existing resourceDirectory C:\Users\Admin\Automation TTS 8-00\JUnit_Learning\src\test\resources
2026-07-04 18:45:34,583 [Worker-49: Building] INFO  o.a.m.s.f.DefaultMavenResourcesFiltering - skip non existing resourceDirectory C:\Users\Admin\Automation TTS 8-00\JUnit_Learning\src\main\resources
2026-07-04 18:45:34,584 [Worker-49: Building] INFO  o.a.m.s.f.DefaultMavenResourcesFiltering - skip non existing resourceDirectory C:\Users\Admin\Automation TTS 8-00\JUnit_Learning\src\test\resources
2026-07-04 18:46:17,251 [Worker-43: Building] INFO  o.a.m.s.f.DefaultMavenResourcesFiltering - skip non existing resourceDirectory C:\Users\Admin\Automation TTS 8-00\JUnit_Learning\src\main\resources
2026-07-04 18:46:17,252 [Worker-43: Building] INFO  o.a.m.s.f.DefaultMavenResourcesFiltering - skip non existing resourceDirectory C:\Users\Admin\Automation TTS 8-00\JUnit_Learning\src\test\resources
2026-07-04 18:46:32,423 [Worker-43: Building] INFO  o.a.m.s.f.DefaultMavenResourcesFiltering - skip non existing resourceDirectory C:\Users\Admin\Automation TTS 8-00\JUnit_Learning\src\main\resources
2026-07-04 18:46:32,424 [Worker-43: Building] INFO  o.a.m.s.f.DefaultMavenResourcesFiltering - skip non existing resourceDirectory C:\Users\Admin\Automation TTS 8-00\JUnit_Learning\src\test\resources
2026-07-04 18:48:28,968 [Worker-49: Building] INFO  o.a.m.s.f.DefaultMavenResourcesFiltering - skip non existing resourceDirectory C:\Users\Admin\Automation TTS 8-00\JUnit_Learning\src\main\resources
2026-07-04 18:48:28,969 [Worker-49: Building] INFO  o.a.m.s.f.DefaultMavenResourcesFiltering - skip non existing resourceDirectory C:\Users\Admin\Automation TTS 8-00\JUnit_Learning\src\test\resources
2026-07-11 08:47:17,830 [Worker-0: Loading available Gradle versions] INFO  o.e.b.c.i.u.g.PublishedGradleVersions - Gradle version information cache is out-of-date. Trying to update.
2026-07-11 08:50:11,236 [Worker-35: Launching mavenrun-7d5e413b-0657-4b1d-a2df-0aa14f728d7a] INFO  o.eclipse.m2e.core.internal.Bundles - getClasspathEntries(Bundle=org.eclipse.m2e.maven.runtime_3.9.700.20240602-2313 [642])
2026-07-11 08:50:11,240 [Worker-35: Launching mavenrun-7d5e413b-0657-4b1d-a2df-0aa14f728d7a] INFO  o.eclipse.m2e.core.internal.Bundles - 	Entry: C:\Users\Admin\.p2\pool\plugins\org.eclipse.m2e.maven.runtime_3.9.700.20240602-2313
2026-07-11 08:50:11,241 [Worker-35: Launching mavenrun-7d5e413b-0657-4b1d-a2df-0aa14f728d7a] INFO  o.eclipse.m2e.core.internal.Bundles - 	Entry: C:\Users\Admin\.p2\pool\plugins\org.eclipse.m2e.maven.runtime_3.9.700.20240602-2313\jars\aopalliance-1.0.jar
2026-07-11 08:50:11,241 [Worker-35: Launching mavenrun-7d5e413b-0657-4b1d-a2df-0aa14f728d7a] INFO  o.eclipse.m2e.core.internal.Bundles - 	Entry: C:\Users\Admin\.p2\pool\plugins\org.eclipse.m2e.maven.runtime_3.9.700.20240602-2313\jars\guice-5.1.0.jar
2026-07-11 08:50:11,241 [Worker-35: Launching mavenrun-7d5e413b-0657-4b1d-a2df-0aa14f728d7a] INFO  o.eclipse.m2e.core.internal.Bundles - 	Entry: C:\Users\Admin\.p2\pool\plugins\org.eclipse.m2e.maven.runtime_3.9.700.20240602-2313\jars\httpclient-4.5.14.jar
2026-07-11 08:50:11,241 [Worker-35: Launching mavenrun-7d5e413b-0657-4b1d-a2df-0aa14f728d7a] INFO  o.eclipse.m2e.core.internal.Bundles - 	Entry: C:\Users\Admin\.p2\pool\plugins\org.eclipse.m2e.maven.runtime_3.9.700.20240602-2313\jars\httpcore-4.4.16.jar
2026-07-11 08:50:11,241 [Worker-35: Launching mavenrun-7d5e413b-0657-4b1d-a2df-0aa14f728d7a] INFO  o.eclipse.m2e.core.internal.Bundles - 	Entry: C:\Users\Admin\.p2\pool\plugins\org.eclipse.m2e.maven.runtime_3.9.700.20240602-2313\jars\jansi-2.4.1.jar
2026-07-11 08:50:11,242 [Worker-35: Launching mavenrun-7d5e413b-0657-4b1d-a2df-0aa14f728d7a] INFO  o.eclipse.m2e.core.internal.Bundles - 	Entry: C:\Users\Admin\.p2\pool\plugins\org.eclipse.m2e.maven.runtime_3.9.700.20240602-2313\jars\jcl-over-slf4j-1.7.36.jar
2026-07-11 08:50:11,242 [Worker-35: Launching mavenrun-7d5e413b-0657-4b1d-a2df-0aa14f728d7a] INFO  o.eclipse.m2e.core.internal.Bundles - 	Entry: C:\Users\Admin\.p2\pool\plugins\org.eclipse.m2e.maven.runtime_3.9.700.20240602-2313\jars\maven-artifact-3.9.7.jar
2026-07-11 08:50:11,242 [Worker-35: Launching mavenrun-7d5e413b-0657-4b1d-a2df-0aa14f728d7a] INFO  o.eclipse.m2e.core.internal.Bundles - 	Entry: C:\Users\Admin\.p2\pool\plugins\org.eclipse.m2e.maven.runtime_3.9.700.20240602-2313\jars\maven-builder-support-3.9.7.jar
2026-07-11 08:50:11,242 [Worker-35: Launching mavenrun-7d5e413b-0657-4b1d-a2df-0aa14f728d7a] INFO  o.eclipse.m2e.core.internal.Bundles - 	Entry: C:\Users\Admin\.p2\pool\plugins\org.eclipse.m2e.maven.runtime_3.9.700.20240602-2313\jars\maven-compat-3.9.7.jar
2026-07-11 08:50:11,242 [Worker-35: Launching mavenrun-7d5e413b-0657-4b1d-a2df-0aa14f728d7a] INFO  o.eclipse.m2e.core.internal.Bundles - 	Entry: C:\Users\Admin\.p2\pool\plugins\org.eclipse.m2e.maven.runtime_3.9.700.20240602-2313\jars\maven-core-3.9.7.jar
2026-07-11 08:50:11,243 [Worker-35: Launching mavenrun-7d5e413b-0657-4b1d-a2df-0aa14f728d7a] INFO  o.eclipse.m2e.core.internal.Bundles - 	Entry: C:\Users\Admin\.p2\pool\plugins\org.eclipse.m2e.maven.runtime_3.9.700.20240602-2313\jars\maven-embedder-3.9.7.jar
2026-07-11 08:50:11,243 [Worker-35: Launching mavenrun-7d5e413b-0657-4b1d-a2df-0aa14f728d7a] INFO  o.eclipse.m2e.core.internal.Bundles - 	Entry: C:\Users\Admin\.p2\pool\plugins\org.eclipse.m2e.maven.runtime_3.9.700.20240602-2313\jars\maven-model-3.9.7.jar
2026-07-11 08:50:11,243 [Worker-35: Launching mavenrun-7d5e413b-0657-4b1d-a2df-0aa14f728d7a] INFO  o.eclipse.m2e.core.internal.Bundles - 	Entry: C:\Users\Admin\.p2\pool\plugins\org.eclipse.m2e.maven.runtime_3.9.700.20240602-2313\jars\maven-model-builder-3.9.7.jar
2026-07-11 08:50:11,243 [Worker-35: Launching mavenrun-7d5e413b-0657-4b1d-a2df-0aa14f728d7a] INFO  o.eclipse.m2e.core.internal.Bundles - 	Entry: C:\Users\Admin\.p2\pool\plugins\org.eclipse.m2e.maven.runtime_3.9.700.20240602-2313\jars\maven-plugin-api-3.9.7.jar
2026-07-11 08:50:11,243 [Worker-35: Launching mavenrun-7d5e413b-0657-4b1d-a2df-0aa14f728d7a] INFO  o.eclipse.m2e.core.internal.Bundles - 	Entry: C:\Users\Admin\.p2\pool\plugins\org.eclipse.m2e.maven.runtime_3.9.700.20240602-2313\jars\maven-repository-metadata-3.9.7.jar
2026-07-11 08:50:11,244 [Worker-35: Launching mavenrun-7d5e413b-0657-4b1d-a2df-0aa14f728d7a] INFO  o.eclipse.m2e.core.internal.Bundles - 	Entry: C:\Users\Admin\.p2\pool\plugins\org.eclipse.m2e.maven.runtime_3.9.700.20240602-2313\jars\maven-resolver-api-1.9.20.jar
2026-07-11 08:50:11,244 [Worker-35: Launching mavenrun-7d5e413b-0657-4b1d-a2df-0aa14f728d7a] INFO  o.eclipse.m2e.core.internal.Bundles - 	Entry: C:\Users\Admin\.p2\pool\plugins\org.eclipse.m2e.maven.runtime_3.9.700.20240602-2313\jars\maven-resolver-connector-basic-1.9.20.jar
2026-07-11 08:50:11,244 [Worker-35: Launching mavenrun-7d5e413b-0657-4b1d-a2df-0aa14f728d7a] INFO  o.eclipse.m2e.core.internal.Bundles - 	Entry: C:\Users\Admin\.p2\pool\plugins\org.eclipse.m2e.maven.runtime_3.9.700.20240602-2313\jars\maven-resolver-impl-1.9.20.jar
2026-07-11 08:50:11,244 [Worker-35: Launching mavenrun-7d5e413b-0657-4b1d-a2df-0aa14f728d7a] INFO  o.eclipse.m2e.core.internal.Bundles - 	Entry: C:\Users\Admin\.p2\pool\plugins\org.eclipse.m2e.maven.runtime_3.9.700.20240602-2313\jars\maven-resolver-named-locks-1.9.20.jar
2026-07-11 08:50:11,244 [Worker-35: Launching mavenrun-7d5e413b-0657-4b1d-a2df-0aa14f728d7a] INFO  o.eclipse.m2e.core.internal.Bundles - 	Entry: C:\Users\Admin\.p2\pool\plugins\org.eclipse.m2e.maven.runtime_3.9.700.20240602-2313\jars\maven-resolver-provider-3.9.7.jar
2026-07-11 08:50:11,245 [Worker-35: Launching mavenrun-7d5e413b-0657-4b1d-a2df-0aa14f728d7a] INFO  o.eclipse.m2e.core.internal.Bundles - 	Entry: C:\Users\Admin\.p2\pool\plugins\org.eclipse.m2e.maven.runtime_3.9.700.20240602-2313\jars\maven-resolver-spi-1.9.20.jar
2026-07-11 08:50:11,245 [Worker-35: Launching mavenrun-7d5e413b-0657-4b1d-a2df-0aa14f728d7a] INFO  o.eclipse.m2e.core.internal.Bundles - 	Entry: C:\Users\Admin\.p2\pool\plugins\org.eclipse.m2e.maven.runtime_3.9.700.20240602-2313\jars\maven-resolver-transport-file-1.9.20.jar
2026-07-11 08:50:11,245 [Worker-35: Launching mavenrun-7d5e413b-0657-4b1d-a2df-0aa14f728d7a] INFO  o.eclipse.m2e.core.internal.Bundles - 	Entry: C:\Users\Admin\.p2\pool\plugins\org.eclipse.m2e.maven.runtime_3.9.700.20240602-2313\jars\maven-resolver-transport-http-1.9.20.jar
2026-07-11 08:50:11,245 [Worker-35: Launching mavenrun-7d5e413b-0657-4b1d-a2df-0aa14f728d7a] INFO  o.eclipse.m2e.core.internal.Bundles - 	Entry: C:\Users\Admin\.p2\pool\plugins\org.eclipse.m2e.maven.runtime_3.9.700.20240602-2313\jars\maven-resolver-transport-wagon-1.9.20.jar
2026-07-11 08:50:11,245 [Worker-35: Launching mavenrun-7d5e413b-0657-4b1d-a2df-0aa14f728d7a] INFO  o.eclipse.m2e.core.internal.Bundles - 	Entry: C:\Users\Admin\.p2\pool\plugins\org.eclipse.m2e.maven.runtime_3.9.700.20240602-2313\jars\maven-resolver-util-1.9.20.jar
2026-07-11 08:50:11,245 [Worker-35: Launching mavenrun-7d5e413b-0657-4b1d-a2df-0aa14f728d7a] INFO  o.eclipse.m2e.core.internal.Bundles - 	Entry: C:\Users\Admin\.p2\pool\plugins\org.eclipse.m2e.maven.runtime_3.9.700.20240602-2313\jars\maven-settings-3.9.7.jar
2026-07-11 08:50:11,246 [Worker-35: Launching mavenrun-7d5e413b-0657-4b1d-a2df-0aa14f728d7a] INFO  o.eclipse.m2e.core.internal.Bundles - 	Entry: C:\Users\Admin\.p2\pool\plugins\org.eclipse.m2e.maven.runtime_3.9.700.20240602-2313\jars\maven-settings-builder-3.9.7.jar
2026-07-11 08:50:11,246 [Worker-35: Launching mavenrun-7d5e413b-0657-4b1d-a2df-0aa14f728d7a] INFO  o.eclipse.m2e.core.internal.Bundles - 	Entry: C:\Users\Admin\.p2\pool\plugins\org.eclipse.m2e.maven.runtime_3.9.700.20240602-2313\jars\maven-shared-utils-3.4.2.jar
2026-07-11 08:50:11,246 [Worker-35: Launching mavenrun-7d5e413b-0657-4b1d-a2df-0aa14f728d7a] INFO  o.eclipse.m2e.core.internal.Bundles - 	Entry: C:\Users\Admin\.p2\pool\plugins\org.eclipse.m2e.maven.runtime_3.9.700.20240602-2313\jars\org.eclipse.sisu.inject-0.9.0.M2.jar
2026-07-11 08:50:11,246 [Worker-35: Launching mavenrun-7d5e413b-0657-4b1d-a2df-0aa14f728d7a] INFO  o.eclipse.m2e.core.internal.Bundles - 	Entry: C:\Users\Admin\.p2\pool\plugins\org.eclipse.m2e.maven.runtime_3.9.700.20240602-2313\jars\org.eclipse.sisu.plexus-0.9.0.M2.jar
2026-07-11 08:50:11,246 [Worker-35: Launching mavenrun-7d5e413b-0657-4b1d-a2df-0aa14f728d7a] INFO  o.eclipse.m2e.core.internal.Bundles - 	Entry: C:\Users\Admin\.p2\pool\plugins\org.eclipse.m2e.maven.runtime_3.9.700.20240602-2313\jars\plexus-build-api-0.0.7.jar
2026-07-11 08:50:11,246 [Worker-35: Launching mavenrun-7d5e413b-0657-4b1d-a2df-0aa14f728d7a] INFO  o.eclipse.m2e.core.internal.Bundles - 	Entry: C:\Users\Admin\.p2\pool\plugins\org.eclipse.m2e.maven.runtime_3.9.700.20240602-2313\jars\plexus-build-api-1.2.0.jar
2026-07-11 08:50:11,247 [Worker-35: Launching mavenrun-7d5e413b-0657-4b1d-a2df-0aa14f728d7a] INFO  o.eclipse.m2e.core.internal.Bundles - 	Entry: C:\Users\Admin\.p2\pool\plugins\org.eclipse.m2e.maven.runtime_3.9.700.20240602-2313\jars\plexus-cipher-2.0.jar
2026-07-11 08:50:11,247 [Worker-35: Launching mavenrun-7d5e413b-0657-4b1d-a2df-0aa14f728d7a] INFO  o.eclipse.m2e.core.internal.Bundles - 	Entry: C:\Users\Admin\.p2\pool\plugins\org.eclipse.m2e.maven.runtime_3.9.700.20240602-2313\jars\plexus-classworlds-2.8.0.jar
2026-07-11 08:50:11,247 [Worker-35: Launching mavenrun-7d5e413b-0657-4b1d-a2df-0aa14f728d7a] INFO  o.eclipse.m2e.core.internal.Bundles - 	Entry: C:\Users\Admin\.p2\pool\plugins\org.eclipse.m2e.maven.runtime_3.9.700.20240602-2313\jars\plexus-component-annotations-2.1.0.jar
2026-07-11 08:50:11,247 [Worker-35: Launching mavenrun-7d5e413b-0657-4b1d-a2df-0aa14f728d7a] INFO  o.eclipse.m2e.core.internal.Bundles - 	Entry: C:\Users\Admin\.p2\pool\plugins\org.eclipse.m2e.maven.runtime_3.9.700.20240602-2313\jars\plexus-interpolation-1.27.jar
2026-07-11 08:50:11,248 [Worker-35: Launching mavenrun-7d5e413b-0657-4b1d-a2df-0aa14f728d7a] INFO  o.eclipse.m2e.core.internal.Bundles - 	Entry: C:\Users\Admin\.p2\pool\plugins\org.eclipse.m2e.maven.runtime_3.9.700.20240602-2313\jars\plexus-sec-dispatcher-2.0.jar
2026-07-11 08:50:11,248 [Worker-35: Launching mavenrun-7d5e413b-0657-4b1d-a2df-0aa14f728d7a] INFO  o.eclipse.m2e.core.internal.Bundles - 	Entry: C:\Users\Admin\.p2\pool\plugins\org.eclipse.m2e.maven.runtime_3.9.700.20240602-2313\jars\plexus-utils-3.5.1.jar
2026-07-11 08:50:11,248 [Worker-35: Launching mavenrun-7d5e413b-0657-4b1d-a2df-0aa14f728d7a] INFO  o.eclipse.m2e.core.internal.Bundles - 	Entry: C:\Users\Admin\.p2\pool\plugins\org.eclipse.m2e.maven.runtime_3.9.700.20240602-2313\jars\wagon-file-3.5.3.jar
2026-07-11 08:50:11,249 [Worker-35: Launching mavenrun-7d5e413b-0657-4b1d-a2df-0aa14f728d7a] INFO  o.eclipse.m2e.core.internal.Bundles - 	Entry: C:\Users\Admin\.p2\pool\plugins\org.eclipse.m2e.maven.runtime_3.9.700.20240602-2313\jars\wagon-http-3.5.3.jar
2026-07-11 08:50:11,249 [Worker-35: Launching mavenrun-7d5e413b-0657-4b1d-a2df-0aa14f728d7a] INFO  o.eclipse.m2e.core.internal.Bundles - 	Entry: C:\Users\Admin\.p2\pool\plugins\org.eclipse.m2e.maven.runtime_3.9.700.20240602-2313\jars\wagon-http-shared-3.5.3.jar
2026-07-11 08:50:11,249 [Worker-35: Launching mavenrun-7d5e413b-0657-4b1d-a2df-0aa14f728d7a] INFO  o.eclipse.m2e.core.internal.Bundles - 	Entry: C:\Users\Admin\.p2\pool\plugins\org.eclipse.m2e.maven.runtime_3.9.700.20240602-2313\jars\wagon-provider-api-3.5.3.jar
2026-07-11 08:50:11,251 [Worker-35: Launching mavenrun-7d5e413b-0657-4b1d-a2df-0aa14f728d7a] INFO  o.eclipse.m2e.core.internal.Bundles - getClasspathEntries(Bundle=com.google.guava_33.4.8.jre [1147])
2026-07-11 08:50:11,252 [Worker-35: Launching mavenrun-7d5e413b-0657-4b1d-a2df-0aa14f728d7a] INFO  o.eclipse.m2e.core.internal.Bundles - 	Entry: C:\Users\Admin\.p2\pool\plugins\com.google.guava_33.4.8.jre.jar
2026-07-11 08:50:11,252 [Worker-35: Launching mavenrun-7d5e413b-0657-4b1d-a2df-0aa14f728d7a] INFO  o.eclipse.m2e.core.internal.Bundles - getClasspathEntries(Bundle=slf4j.api_2.0.17 [1007])
2026-07-11 08:50:11,252 [Worker-35: Launching mavenrun-7d5e413b-0657-4b1d-a2df-0aa14f728d7a] INFO  o.eclipse.m2e.core.internal.Bundles - 	Entry: C:\Users\Admin\.p2\pool\plugins\slf4j.api_2.0.17.jar
2026-07-11 08:50:11,252 [Worker-35: Launching mavenrun-7d5e413b-0657-4b1d-a2df-0aa14f728d7a] INFO  o.eclipse.m2e.core.internal.Bundles - getClasspathEntries(Bundle=javax.inject_1.0.0.v20091030 [1223])
2026-07-11 08:50:11,253 [Worker-35: Launching mavenrun-7d5e413b-0657-4b1d-a2df-0aa14f728d7a] INFO  o.eclipse.m2e.core.internal.Bundles - 	Entry: C:\Users\Admin\.p2\pool\plugins\javax.inject_1.0.0.v20091030.jar
2026-07-11 08:50:11,253 [Worker-35: Launching mavenrun-7d5e413b-0657-4b1d-a2df-0aa14f728d7a] INFO  o.eclipse.m2e.core.internal.Bundles - getClasspathEntries(Bundle=javax.annotation_1.3.5.v20200909-1856 [44])
2026-07-11 08:50:11,253 [Worker-35: Launching mavenrun-7d5e413b-0657-4b1d-a2df-0aa14f728d7a] INFO  o.eclipse.m2e.core.internal.Bundles - 	Entry: C:\Users\Admin\.p2\pool\plugins\javax.annotation_1.3.5.v20200909-1856.jar
2026-07-11 08:50:11,253 [Worker-35: Launching mavenrun-7d5e413b-0657-4b1d-a2df-0aa14f728d7a] INFO  o.eclipse.m2e.core.internal.Bundles - getClasspathEntries(Bundle=org.apache.commons.cli_1.9.0 [1161])
2026-07-11 08:50:11,254 [Worker-35: Launching mavenrun-7d5e413b-0657-4b1d-a2df-0aa14f728d7a] INFO  o.eclipse.m2e.core.internal.Bundles - 	Entry: C:\Users\Admin\.p2\pool\plugins\org.apache.commons.cli_1.9.0.jar
2026-07-11 08:50:11,254 [Worker-35: Launching mavenrun-7d5e413b-0657-4b1d-a2df-0aa14f728d7a] INFO  o.eclipse.m2e.core.internal.Bundles - getClasspathEntries(Bundle=org.apache.commons.commons-codec_1.16.0 [81])
2026-07-11 08:50:11,254 [Worker-35: Launching mavenrun-7d5e413b-0657-4b1d-a2df-0aa14f728d7a] INFO  o.eclipse.m2e.core.internal.Bundles - 	Entry: C:\Users\Admin\.p2\pool\plugins\org.apache.commons.commons-codec_1.16.0.jar
2026-07-11 08:50:11,254 [Worker-35: Launching mavenrun-7d5e413b-0657-4b1d-a2df-0aa14f728d7a] INFO  o.eclipse.m2e.core.internal.Bundles - getClasspathEntries(Bundle=org.apache.commons.lang3_3.17.0 [1064])
2026-07-11 08:50:11,255 [Worker-35: Launching mavenrun-7d5e413b-0657-4b1d-a2df-0aa14f728d7a] INFO  o.eclipse.m2e.core.internal.Bundles - 	Entry: C:\Users\Admin\.p2\pool\plugins\org.apache.commons.lang3_3.17.0.jar
2026-07-11 08:50:11,255 [Worker-35: Launching mavenrun-7d5e413b-0657-4b1d-a2df-0aa14f728d7a] INFO  o.eclipse.m2e.core.internal.Bundles - getClasspathEntries(Bundle=com.google.guava.failureaccess_1.0.3 [1148])
2026-07-11 08:50:11,255 [Worker-35: Launching mavenrun-7d5e413b-0657-4b1d-a2df-0aa14f728d7a] INFO  o.eclipse.m2e.core.internal.Bundles - 	Entry: C:\Users\Admin\.p2\pool\plugins\com.google.guava.failureaccess_1.0.3.jar
2026-07-11 08:50:11,259 [Worker-35: Launching mavenrun-7d5e413b-0657-4b1d-a2df-0aa14f728d7a] INFO  o.e.m.i.launch.MavenLaunchDelegate - Run build in "C:\Users\Admin\AppData\Local\Temp\m2e-archetypeGenerator1866597065331835403":
2026-07-11 08:50:11,263 [Worker-35: Launching mavenrun-7d5e413b-0657-4b1d-a2df-0aa14f728d7a] INFO  o.e.m.i.launch.MavenLaunchDelegate -  mvn  -DarchetypeGroupId=org.apache.maven.archetypes -DarchetypeArtifactId=maven-archetype-quickstart -DarchetypeVersion=1.1 -DgroupId=com.testng -DartifactId=TestNG_Learning -Dversion=0.0.1-SNAPSHOT -Dpackage=com.testng -DoutputDirectory="C:\Users\Admin\Automation TTS 8-00" -Dstyle.color=always -U archetype:generate
2026-07-11 08:50:19,094 [Worker-14: Creating maven-archetype-quickstart] INFO  o.e.m.c.i.p.ProjectConfigurationManager - Collecting project info '/pom.xml' C:\Users\Admin\Automation TTS 8-00\TestNG_Learning\pom.xml
2026-07-11 08:50:20,196 [Worker-14: Creating maven-archetype-quickstart] INFO  o.e.m.c.i.l.LifecycleMappingFactory - Using org.eclipse.m2e.jdt.JarLifecycleMapping lifecycle mapping for MavenProject: com.testng:TestNG_Learning:0.0.1-SNAPSHOT @ C:\Users\Admin\Automation TTS 8-00\TestNG_Learning\pom.xml.
2026-07-11 08:50:21,117 [Worker-14: Creating maven-archetype-quickstart] INFO  o.e.m.j.i.AbstractJavaProjectConfigurator - Adding source folder /TestNG_Learning/src/main/java
2026-07-11 08:50:21,120 [Worker-14: Creating maven-archetype-quickstart] INFO  o.e.m.j.i.AbstractJavaProjectConfigurator - Adding resource folder /TestNG_Learning/src/main/resources
2026-07-11 08:50:21,128 [Worker-14: Creating maven-archetype-quickstart] INFO  o.e.m.j.i.AbstractJavaProjectConfigurator - Adding source folder /TestNG_Learning/src/test/java
2026-07-11 08:50:21,129 [Worker-14: Creating maven-archetype-quickstart] INFO  o.e.m.j.i.AbstractJavaProjectConfigurator - Adding resource folder /TestNG_Learning/src/test/resources
2026-07-11 08:50:21,235 [Worker-14: Creating maven-archetype-quickstart] INFO  o.e.m.c.i.p.ProjectConfigurationManager - Imported and configured 1 project(s) in 2 sec
2026-07-11 08:50:21,678 [Worker-8: Building] INFO  o.a.m.s.f.DefaultMavenResourcesFiltering - skip non existing resourceDirectory C:\Users\Admin\Automation TTS 8-00\TestNG_Learning\src\main\resources
2026-07-11 08:50:21,686 [Worker-8: Building] INFO  o.a.m.s.f.DefaultMavenResourcesFiltering - skip non existing resourceDirectory C:\Users\Admin\Automation TTS 8-00\TestNG_Learning\src\test\resources
2026-07-11 08:50:34,270 [Worker-0: Building] INFO  o.e.m.c.i.l.LifecycleMappingFactory - Using org.eclipse.m2e.jdt.JarLifecycleMapping lifecycle mapping for MavenProject: com.testng:TestNG_Learning:0.0.1-SNAPSHOT @ C:\Users\Admin\Automation TTS 8-00\TestNG_Learning\pom.xml.
2026-07-11 08:50:34,536 [Worker-0: Building] INFO  o.a.m.s.f.DefaultMavenResourcesFiltering - skip non existing resourceDirectory C:\Users\Admin\Automation TTS 8-00\TestNG_Learning\src\main\resources
2026-07-11 08:50:34,544 [Worker-0: Building] INFO  o.a.m.s.f.DefaultMavenResourcesFiltering - skip non existing resourceDirectory C:\Users\Admin\Automation TTS 8-00\TestNG_Learning\src\test\resources
2026-07-11 08:51:22,135 [Worker-11: Building] INFO  o.e.m.c.i.l.LifecycleMappingFactory - Using org.eclipse.m2e.jdt.JarLifecycleMapping lifecycle mapping for MavenProject: com.testng:TestNG_Learning:0.0.1-SNAPSHOT @ C:\Users\Admin\Automation TTS 8-00\TestNG_Learning\pom.xml.
2026-07-11 08:51:22,710 [Worker-11: Building] INFO  o.a.m.s.f.DefaultMavenResourcesFiltering - skip non existing resourceDirectory C:\Users\Admin\Automation TTS 8-00\TestNG_Learning\src\main\resources
2026-07-11 08:51:22,714 [Worker-11: Building] INFO  o.a.m.s.f.DefaultMavenResourcesFiltering - skip non existing resourceDirectory C:\Users\Admin\Automation TTS 8-00\TestNG_Learning\src\test\resources
2026-07-11 08:51:24,467 [Worker-16: Building] INFO  o.a.m.s.f.DefaultMavenResourcesFiltering - skip non existing resourceDirectory C:\Users\Admin\Automation TTS 8-00\TestNG_Learning\src\main\resources
2026-07-11 08:51:24,471 [Worker-16: Building] INFO  o.a.m.s.f.DefaultMavenResourcesFiltering - skip non existing resourceDirectory C:\Users\Admin\Automation TTS 8-00\TestNG_Learning\src\test\resources
2026-07-11 08:51:40,424 [Worker-16: Building] INFO  o.a.m.s.f.DefaultMavenResourcesFiltering - skip non existing resourceDirectory C:\Users\Admin\Automation TTS 8-00\TestNG_Learning\src\main\resources
2026-07-11 08:51:40,427 [Worker-16: Building] INFO  o.a.m.s.f.DefaultMavenResourcesFiltering - skip non existing resourceDirectory C:\Users\Admin\Automation TTS 8-00\TestNG_Learning\src\test\resources
2026-07-11 08:51:42,896 [Worker-29: Building] INFO  o.a.m.s.f.DefaultMavenResourcesFiltering - skip non existing resourceDirectory C:\Users\Admin\Automation TTS 8-00\TestNG_Learning\src\main\resources
2026-07-11 08:51:42,898 [Worker-29: Building] INFO  o.a.m.s.f.DefaultMavenResourcesFiltering - skip non existing resourceDirectory C:\Users\Admin\Automation TTS 8-00\TestNG_Learning\src\test\resources
2026-07-11 08:51:43,931 [Worker-24: Building] INFO  o.a.m.s.f.DefaultMavenResourcesFiltering - skip non existing resourceDirectory C:\Users\Admin\Automation TTS 8-00\TestNG_Learning\src\main\resources
2026-07-11 08:51:43,933 [Worker-24: Building] INFO  o.a.m.s.f.DefaultMavenResourcesFiltering - skip non existing resourceDirectory C:\Users\Admin\Automation TTS 8-00\TestNG_Learning\src\test\resources
2026-07-11 08:51:57,160 [Worker-24: Building] INFO  o.a.m.s.f.DefaultMavenResourcesFiltering - skip non existing resourceDirectory C:\Users\Admin\Automation TTS 8-00\TestNG_Learning\src\main\resources
2026-07-11 08:51:57,163 [Worker-24: Building] INFO  o.a.m.s.f.DefaultMavenResourcesFiltering - skip non existing resourceDirectory C:\Users\Admin\Automation TTS 8-00\TestNG_Learning\src\test\resources
2026-07-11 08:52:10,862 [Worker-24: Building] INFO  o.a.m.s.f.DefaultMavenResourcesFiltering - skip non existing resourceDirectory C:\Users\Admin\Automation TTS 8-00\TestNG_Learning\src\main\resources
2026-07-11 08:52:10,864 [Worker-24: Building] INFO  o.a.m.s.f.DefaultMavenResourcesFiltering - skip non existing resourceDirectory C:\Users\Admin\Automation TTS 8-00\TestNG_Learning\src\test\resources
2026-07-11 08:52:15,101 [Worker-24: Launching P01_First] INFO  o.a.m.s.f.DefaultMavenResourcesFiltering - skip non existing resourceDirectory C:\Users\Admin\Automation TTS 8-00\TestNG_Learning\src\main\resources
2026-07-11 08:52:15,103 [Worker-24: Launching P01_First] INFO  o.a.m.s.f.DefaultMavenResourcesFiltering - skip non existing resourceDirectory C:\Users\Admin\Automation TTS 8-00\TestNG_Learning\src\test\resources
2026-07-11 08:53:11,319 [Worker-29: Building] INFO  o.a.m.s.f.DefaultMavenResourcesFiltering - skip non existing resourceDirectory C:\Users\Admin\Automation TTS 8-00\TestNG_Learning\src\main\resources
2026-07-11 08:53:11,322 [Worker-29: Building] INFO  o.a.m.s.f.DefaultMavenResourcesFiltering - skip non existing resourceDirectory C:\Users\Admin\Automation TTS 8-00\TestNG_Learning\src\test\resources
2026-07-11 08:53:19,826 [Worker-16: Building] INFO  o.a.m.s.f.DefaultMavenResourcesFiltering - skip non existing resourceDirectory C:\Users\Admin\Automation TTS 8-00\TestNG_Learning\src\main\resources
2026-07-11 08:53:19,829 [Worker-16: Building] INFO  o.a.m.s.f.DefaultMavenResourcesFiltering - skip non existing resourceDirectory C:\Users\Admin\Automation TTS 8-00\TestNG_Learning\src\test\resources
2026-07-11 09:05:10,611 [Worker-39: Building] INFO  o.a.m.s.f.DefaultMavenResourcesFiltering - skip non existing resourceDirectory C:\Users\Admin\Automation TTS 8-00\TestNG_Learning\src\main\resources
2026-07-11 09:05:10,613 [Worker-39: Building] INFO  o.a.m.s.f.DefaultMavenResourcesFiltering - skip non existing resourceDirectory C:\Users\Admin\Automation TTS 8-00\TestNG_Learning\src\test\resources
2026-07-11 09:05:11,654 [Worker-40: Building] INFO  o.a.m.s.f.DefaultMavenResourcesFiltering - skip non existing resourceDirectory C:\Users\Admin\Automation TTS 8-00\TestNG_Learning\src\main\resources
2026-07-11 09:05:11,655 [Worker-40: Building] INFO  o.a.m.s.f.DefaultMavenResourcesFiltering - skip non existing resourceDirectory C:\Users\Admin\Automation TTS 8-00\TestNG_Learning\src\test\resources
2026-07-11 09:05:25,872 [Worker-42: Building] INFO  o.a.m.s.f.DefaultMavenResourcesFiltering - skip non existing resourceDirectory C:\Users\Admin\Automation TTS 8-00\TestNG_Learning\src\main\resources
2026-07-11 09:05:25,874 [Worker-42: Building] INFO  o.a.m.s.f.DefaultMavenResourcesFiltering - skip non existing resourceDirectory C:\Users\Admin\Automation TTS 8-00\TestNG_Learning\src\test\resources
2026-07-11 09:06:28,102 [Worker-40: Building] INFO  o.a.m.s.f.DefaultMavenResourcesFiltering - skip non existing resourceDirectory C:\Users\Admin\Automation TTS 8-00\TestNG_Learning\src\main\resources
2026-07-11 09:06:28,104 [Worker-40: Building] INFO  o.a.m.s.f.DefaultMavenResourcesFiltering - skip non existing resourceDirectory C:\Users\Admin\Automation TTS 8-00\TestNG_Learning\src\test\resources
2026-07-11 09:07:38,959 [Worker-40: Building] INFO  o.a.m.s.f.DefaultMavenResourcesFiltering - skip non existing resourceDirectory C:\Users\Admin\Automation TTS 8-00\TestNG_Learning\src\main\resources
2026-07-11 09:07:38,961 [Worker-40: Building] INFO  o.a.m.s.f.DefaultMavenResourcesFiltering - skip non existing resourceDirectory C:\Users\Admin\Automation TTS 8-00\TestNG_Learning\src\test\resources
2026-07-11 09:07:41,897 [Worker-36: Building] INFO  o.a.m.s.f.DefaultMavenResourcesFiltering - skip non existing resourceDirectory C:\Users\Admin\Automation TTS 8-00\TestNG_Learning\src\main\resources
2026-07-11 09:07:41,899 [Worker-36: Building] INFO  o.a.m.s.f.DefaultMavenResourcesFiltering - skip non existing resourceDirectory C:\Users\Admin\Automation TTS 8-00\TestNG_Learning\src\test\resources
2026-07-11 09:08:41,979 [Worker-42: Building] INFO  o.a.m.s.f.DefaultMavenResourcesFiltering - skip non existing resourceDirectory C:\Users\Admin\Automation TTS 8-00\TestNG_Learning\src\main\resources
2026-07-11 09:08:41,980 [Worker-42: Building] INFO  o.a.m.s.f.DefaultMavenResourcesFiltering - skip non existing resourceDirectory C:\Users\Admin\Automation TTS 8-00\TestNG_Learning\src\test\resources
2026-07-11 09:08:43,062 [Worker-7: Building] INFO  o.a.m.s.f.DefaultMavenResourcesFiltering - skip non existing resourceDirectory C:\Users\Admin\Automation TTS 8-00\TestNG_Learning\src\main\resources
2026-07-11 09:08:43,063 [Worker-7: Building] INFO  o.a.m.s.f.DefaultMavenResourcesFiltering - skip non existing resourceDirectory C:\Users\Admin\Automation TTS 8-00\TestNG_Learning\src\test\resources
2026-07-11 09:09:12,143 [Worker-7: Building] INFO  o.a.m.s.f.DefaultMavenResourcesFiltering - skip non existing resourceDirectory C:\Users\Admin\Automation TTS 8-00\TestNG_Learning\src\main\resources
2026-07-11 09:09:12,144 [Worker-7: Building] INFO  o.a.m.s.f.DefaultMavenResourcesFiltering - skip non existing resourceDirectory C:\Users\Admin\Automation TTS 8-00\TestNG_Learning\src\test\resources
2026-07-11 09:09:30,900 [Worker-41: Building] INFO  o.a.m.s.f.DefaultMavenResourcesFiltering - skip non existing resourceDirectory C:\Users\Admin\Automation TTS 8-00\TestNG_Learning\src\main\resources
2026-07-11 09:09:30,901 [Worker-41: Building] INFO  o.a.m.s.f.DefaultMavenResourcesFiltering - skip non existing resourceDirectory C:\Users\Admin\Automation TTS 8-00\TestNG_Learning\src\test\resources
2026-07-11 09:11:40,285 [Worker-41: Building] INFO  o.a.m.s.f.DefaultMavenResourcesFiltering - skip non existing resourceDirectory C:\Users\Admin\Automation TTS 8-00\TestNG_Learning\src\main\resources
2026-07-11 09:11:40,286 [Worker-41: Building] INFO  o.a.m.s.f.DefaultMavenResourcesFiltering - skip non existing resourceDirectory C:\Users\Admin\Automation TTS 8-00\TestNG_Learning\src\test\resources
2026-07-11 09:11:56,122 [Worker-40: Building] INFO  o.a.m.s.f.DefaultMavenResourcesFiltering - skip non existing resourceDirectory C:\Users\Admin\Automation TTS 8-00\TestNG_Learning\src\main\resources
2026-07-11 09:11:56,124 [Worker-40: Building] INFO  o.a.m.s.f.DefaultMavenResourcesFiltering - skip non existing resourceDirectory C:\Users\Admin\Automation TTS 8-00\TestNG_Learning\src\test\resources
2026-07-11 09:12:33,880 [Worker-41: Building] INFO  o.a.m.s.f.DefaultMavenResourcesFiltering - skip non existing resourceDirectory C:\Users\Admin\Automation TTS 8-00\TestNG_Learning\src\main\resources
2026-07-11 09:12:33,882 [Worker-41: Building] INFO  o.a.m.s.f.DefaultMavenResourcesFiltering - skip non existing resourceDirectory C:\Users\Admin\Automation TTS 8-00\TestNG_Learning\src\test\resources
2026-07-11 09:13:11,568 [Worker-41: Building] INFO  o.a.m.s.f.DefaultMavenResourcesFiltering - skip non existing resourceDirectory C:\Users\Admin\Automation TTS 8-00\TestNG_Learning\src\main\resources
2026-07-11 09:13:11,570 [Worker-41: Building] INFO  o.a.m.s.f.DefaultMavenResourcesFiltering - skip non existing resourceDirectory C:\Users\Admin\Automation TTS 8-00\TestNG_Learning\src\test\resources
2026-07-11 09:13:25,279 [Worker-37: Building] INFO  o.a.m.s.f.DefaultMavenResourcesFiltering - skip non existing resourceDirectory C:\Users\Admin\Automation TTS 8-00\TestNG_Learning\src\main\resources
2026-07-11 09:13:25,281 [Worker-37: Building] INFO  o.a.m.s.f.DefaultMavenResourcesFiltering - skip non existing resourceDirectory C:\Users\Admin\Automation TTS 8-00\TestNG_Learning\src\test\resources
2026-07-11 09:13:57,270 [Worker-36: Building] INFO  o.a.m.s.f.DefaultMavenResourcesFiltering - skip non existing resourceDirectory C:\Users\Admin\Automation TTS 8-00\TestNG_Learning\src\main\resources
2026-07-11 09:13:57,272 [Worker-36: Building] INFO  o.a.m.s.f.DefaultMavenResourcesFiltering - skip non existing resourceDirectory C:\Users\Admin\Automation TTS 8-00\TestNG_Learning\src\test\resources
2026-07-11 09:15:43,380 [Worker-41: Building] INFO  o.a.m.s.f.DefaultMavenResourcesFiltering - skip non existing resourceDirectory C:\Users\Admin\Automation TTS 8-00\TestNG_Learning\src\main\resources
2026-07-11 09:15:43,382 [Worker-41: Building] INFO  o.a.m.s.f.DefaultMavenResourcesFiltering - skip non existing resourceDirectory C:\Users\Admin\Automation TTS 8-00\TestNG_Learning\src\test\resources
2026-07-11 09:15:48,591 [Worker-7: Building] INFO  o.a.m.s.f.DefaultMavenResourcesFiltering - skip non existing resourceDirectory C:\Users\Admin\Automation TTS 8-00\TestNG_Learning\src\main\resources
2026-07-11 09:15:48,592 [Worker-7: Building] INFO  o.a.m.s.f.DefaultMavenResourcesFiltering - skip non existing resourceDirectory C:\Users\Admin\Automation TTS 8-00\TestNG_Learning\src\test\resources
2026-07-11 09:15:59,263 [Worker-45: Building] INFO  o.a.m.s.f.DefaultMavenResourcesFiltering - skip non existing resourceDirectory C:\Users\Admin\Automation TTS 8-00\TestNG_Learning\src\main\resources
2026-07-11 09:15:59,264 [Worker-45: Building] INFO  o.a.m.s.f.DefaultMavenResourcesFiltering - skip non existing resourceDirectory C:\Users\Admin\Automation TTS 8-00\TestNG_Learning\src\test\resources
2026-07-11 09:16:35,133 [Worker-40: Building] INFO  o.a.m.s.f.DefaultMavenResourcesFiltering - skip non existing resourceDirectory C:\Users\Admin\Automation TTS 8-00\TestNG_Learning\src\main\resources
2026-07-11 09:16:35,134 [Worker-40: Building] INFO  o.a.m.s.f.DefaultMavenResourcesFiltering - skip non existing resourceDirectory C:\Users\Admin\Automation TTS 8-00\TestNG_Learning\src\test\resources
2026-07-11 09:16:37,389 [Worker-37: Building] INFO  o.a.m.s.f.DefaultMavenResourcesFiltering - skip non existing resourceDirectory C:\Users\Admin\Automation TTS 8-00\TestNG_Learning\src\main\resources
2026-07-11 09:16:37,390 [Worker-37: Building] INFO  o.a.m.s.f.DefaultMavenResourcesFiltering - skip non existing resourceDirectory C:\Users\Admin\Automation TTS 8-00\TestNG_Learning\src\test\resources
2026-07-11 09:16:47,791 [Worker-45: Building] INFO  o.a.m.s.f.DefaultMavenResourcesFiltering - skip non existing resourceDirectory C:\Users\Admin\Automation TTS 8-00\TestNG_Learning\src\main\resources
2026-07-11 09:16:47,792 [Worker-45: Building] INFO  o.a.m.s.f.DefaultMavenResourcesFiltering - skip non existing resourceDirectory C:\Users\Admin\Automation TTS 8-00\TestNG_Learning\src\test\resources
2026-07-11 09:17:05,743 [Worker-40: Building] INFO  o.a.m.s.f.DefaultMavenResourcesFiltering - skip non existing resourceDirectory C:\Users\Admin\Automation TTS 8-00\TestNG_Learning\src\main\resources
2026-07-11 09:17:05,745 [Worker-40: Building] INFO  o.a.m.s.f.DefaultMavenResourcesFiltering - skip non existing resourceDirectory C:\Users\Admin\Automation TTS 8-00\TestNG_Learning\src\test\resources
2026-07-11 09:17:13,137 [Worker-45: Building] INFO  o.a.m.s.f.DefaultMavenResourcesFiltering - skip non existing resourceDirectory C:\Users\Admin\Automation TTS 8-00\TestNG_Learning\src\main\resources
2026-07-11 09:17:13,138 [Worker-45: Building] INFO  o.a.m.s.f.DefaultMavenResourcesFiltering - skip non existing resourceDirectory C:\Users\Admin\Automation TTS 8-00\TestNG_Learning\src\test\resources
2026-07-11 09:17:25,949 [Worker-7: Building] INFO  o.a.m.s.f.DefaultMavenResourcesFiltering - skip non existing resourceDirectory C:\Users\Admin\Automation TTS 8-00\TestNG_Learning\src\main\resources
2026-07-11 09:17:25,951 [Worker-7: Building] INFO  o.a.m.s.f.DefaultMavenResourcesFiltering - skip non existing resourceDirectory C:\Users\Admin\Automation TTS 8-00\TestNG_Learning\src\test\resources
2026-07-11 09:18:21,168 [Worker-36: Building] INFO  o.a.m.s.f.DefaultMavenResourcesFiltering - skip non existing resourceDirectory C:\Users\Admin\Automation TTS 8-00\TestNG_Learning\src\main\resources
2026-07-11 09:18:21,169 [Worker-36: Building] INFO  o.a.m.s.f.DefaultMavenResourcesFiltering - skip non existing resourceDirectory C:\Users\Admin\Automation TTS 8-00\TestNG_Learning\src\test\resources
2026-07-11 09:19:32,612 [Worker-37: Building] INFO  o.a.m.s.f.DefaultMavenResourcesFiltering - skip non existing resourceDirectory C:\Users\Admin\Automation TTS 8-00\TestNG_Learning\src\main\resources
2026-07-11 09:19:32,613 [Worker-37: Building] INFO  o.a.m.s.f.DefaultMavenResourcesFiltering - skip non existing resourceDirectory C:\Users\Admin\Automation TTS 8-00\TestNG_Learning\src\test\resources
2026-07-11 09:19:40,788 [Worker-36: Building] INFO  o.a.m.s.f.DefaultMavenResourcesFiltering - skip non existing resourceDirectory C:\Users\Admin\Automation TTS 8-00\TestNG_Learning\src\main\resources
2026-07-11 09:19:40,790 [Worker-36: Building] INFO  o.a.m.s.f.DefaultMavenResourcesFiltering - skip non existing resourceDirectory C:\Users\Admin\Automation TTS 8-00\TestNG_Learning\src\test\resources
2026-07-11 09:19:46,070 [Worker-7: Building] INFO  o.a.m.s.f.DefaultMavenResourcesFiltering - skip non existing resourceDirectory C:\Users\Admin\Automation TTS 8-00\TestNG_Learning\src\main\resources
2026-07-11 09:19:46,072 [Worker-7: Building] INFO  o.a.m.s.f.DefaultMavenResourcesFiltering - skip non existing resourceDirectory C:\Users\Admin\Automation TTS 8-00\TestNG_Learning\src\test\resources
2026-07-11 09:19:52,603 [Worker-7: Building] INFO  o.a.m.s.f.DefaultMavenResourcesFiltering - skip non existing resourceDirectory C:\Users\Admin\Automation TTS 8-00\TestNG_Learning\src\main\resources
2026-07-11 09:19:52,605 [Worker-7: Building] INFO  o.a.m.s.f.DefaultMavenResourcesFiltering - skip non existing resourceDirectory C:\Users\Admin\Automation TTS 8-00\TestNG_Learning\src\test\resources
2026-07-11 09:20:00,002 [Worker-45: Building] INFO  o.a.m.s.f.DefaultMavenResourcesFiltering - skip non existing resourceDirectory C:\Users\Admin\Automation TTS 8-00\TestNG_Learning\src\main\resources
2026-07-11 09:20:00,004 [Worker-45: Building] INFO  o.a.m.s.f.DefaultMavenResourcesFiltering - skip non existing resourceDirectory C:\Users\Admin\Automation TTS 8-00\TestNG_Learning\src\test\resources
2026-07-11 09:20:09,497 [Worker-46: Building] INFO  o.a.m.s.f.DefaultMavenResourcesFiltering - skip non existing resourceDirectory C:\Users\Admin\Automation TTS 8-00\TestNG_Learning\src\main\resources
2026-07-11 09:20:09,498 [Worker-46: Building] INFO  o.a.m.s.f.DefaultMavenResourcesFiltering - skip non existing resourceDirectory C:\Users\Admin\Automation TTS 8-00\TestNG_Learning\src\test\resources
2026-07-11 09:20:15,541 [Worker-41: Building] INFO  o.a.m.s.f.DefaultMavenResourcesFiltering - skip non existing resourceDirectory C:\Users\Admin\Automation TTS 8-00\TestNG_Learning\src\main\resources
2026-07-11 09:20:15,542 [Worker-41: Building] INFO  o.a.m.s.f.DefaultMavenResourcesFiltering - skip non existing resourceDirectory C:\Users\Admin\Automation TTS 8-00\TestNG_Learning\src\test\resources
2026-07-11 09:20:26,912 [Worker-40: Building] INFO  o.a.m.s.f.DefaultMavenResourcesFiltering - skip non existing resourceDirectory C:\Users\Admin\Automation TTS 8-00\TestNG_Learning\src\main\resources
2026-07-11 09:20:26,913 [Worker-40: Building] INFO  o.a.m.s.f.DefaultMavenResourcesFiltering - skip non existing resourceDirectory C:\Users\Admin\Automation TTS 8-00\TestNG_Learning\src\test\resources
2026-07-11 09:20:35,165 [Worker-46: Building] INFO  o.a.m.s.f.DefaultMavenResourcesFiltering - skip non existing resourceDirectory C:\Users\Admin\Automation TTS 8-00\TestNG_Learning\src\main\resources
2026-07-11 09:20:35,167 [Worker-46: Building] INFO  o.a.m.s.f.DefaultMavenResourcesFiltering - skip non existing resourceDirectory C:\Users\Admin\Automation TTS 8-00\TestNG_Learning\src\test\resources
2026-07-11 09:21:06,643 [Worker-37: Building] INFO  o.a.m.s.f.DefaultMavenResourcesFiltering - skip non existing resourceDirectory C:\Users\Admin\Automation TTS 8-00\TestNG_Learning\src\main\resources
2026-07-11 09:21:06,644 [Worker-37: Building] INFO  o.a.m.s.f.DefaultMavenResourcesFiltering - skip non existing resourceDirectory C:\Users\Admin\Automation TTS 8-00\TestNG_Learning\src\test\resources
2026-07-11 09:21:40,270 [Worker-45: Building] INFO  o.a.m.s.f.DefaultMavenResourcesFiltering - skip non existing resourceDirectory C:\Users\Admin\Automation TTS 8-00\TestNG_Learning\src\main\resources
2026-07-11 09:21:40,272 [Worker-45: Building] INFO  o.a.m.s.f.DefaultMavenResourcesFiltering - skip non existing resourceDirectory C:\Users\Admin\Automation TTS 8-00\TestNG_Learning\src\test\resources
2026-07-11 09:21:52,066 [Worker-46: Building] INFO  o.a.m.s.f.DefaultMavenResourcesFiltering - skip non existing resourceDirectory C:\Users\Admin\Automation TTS 8-00\TestNG_Learning\src\main\resources
2026-07-11 09:21:52,067 [Worker-46: Building] INFO  o.a.m.s.f.DefaultMavenResourcesFiltering - skip non existing resourceDirectory C:\Users\Admin\Automation TTS 8-00\TestNG_Learning\src\test\resources
2026-07-11 09:23:05,630 [Worker-36: Building] INFO  o.a.m.s.f.DefaultMavenResourcesFiltering - skip non existing resourceDirectory C:\Users\Admin\Automation TTS 8-00\TestNG_Learning\src\main\resources
2026-07-11 09:23:05,631 [Worker-36: Building] INFO  o.a.m.s.f.DefaultMavenResourcesFiltering - skip non existing resourceDirectory C:\Users\Admin\Automation TTS 8-00\TestNG_Learning\src\test\resources
2026-07-11 09:23:15,193 [Worker-44: Building] INFO  o.a.m.s.f.DefaultMavenResourcesFiltering - skip non existing resourceDirectory C:\Users\Admin\Automation TTS 8-00\TestNG_Learning\src\main\resources
2026-07-11 09:23:15,194 [Worker-44: Building] INFO  o.a.m.s.f.DefaultMavenResourcesFiltering - skip non existing resourceDirectory C:\Users\Admin\Automation TTS 8-00\TestNG_Learning\src\test\resources
2026-07-11 09:27:12,804 [Worker-49: Building] INFO  o.a.m.s.f.DefaultMavenResourcesFiltering - skip non existing resourceDirectory C:\Users\Admin\Automation TTS 8-00\TestNG_Learning\src\main\resources
2026-07-11 09:27:12,805 [Worker-49: Building] INFO  o.a.m.s.f.DefaultMavenResourcesFiltering - skip non existing resourceDirectory C:\Users\Admin\Automation TTS 8-00\TestNG_Learning\src\test\resources
2026-07-11 09:27:54,572 [Worker-49: Building] INFO  o.a.m.s.f.DefaultMavenResourcesFiltering - skip non existing resourceDirectory C:\Users\Admin\Automation TTS 8-00\TestNG_Learning\src\main\resources
2026-07-11 09:27:54,574 [Worker-49: Building] INFO  o.a.m.s.f.DefaultMavenResourcesFiltering - skip non existing resourceDirectory C:\Users\Admin\Automation TTS 8-00\TestNG_Learning\src\test\resources
2026-07-11 09:27:57,208 [Worker-50: Building] INFO  o.a.m.s.f.DefaultMavenResourcesFiltering - skip non existing resourceDirectory C:\Users\Admin\Automation TTS 8-00\TestNG_Learning\src\main\resources
2026-07-11 09:27:57,209 [Worker-50: Building] INFO  o.a.m.s.f.DefaultMavenResourcesFiltering - skip non existing resourceDirectory C:\Users\Admin\Automation TTS 8-00\TestNG_Learning\src\test\resources
2026-07-11 09:29:31,067 [Worker-50: Building] INFO  o.a.m.s.f.DefaultMavenResourcesFiltering - skip non existing resourceDirectory C:\Users\Admin\Automation TTS 8-00\TestNG_Learning\src\main\resources
2026-07-11 09:29:31,069 [Worker-50: Building] INFO  o.a.m.s.f.DefaultMavenResourcesFiltering - skip non existing resourceDirectory C:\Users\Admin\Automation TTS 8-00\TestNG_Learning\src\test\resources
2026-07-11 09:29:38,912 [Worker-48: Building] INFO  o.a.m.s.f.DefaultMavenResourcesFiltering - skip non existing resourceDirectory C:\Users\Admin\Automation TTS 8-00\TestNG_Learning\src\main\resources
2026-07-11 09:29:38,914 [Worker-48: Building] INFO  o.a.m.s.f.DefaultMavenResourcesFiltering - skip non existing resourceDirectory C:\Users\Admin\Automation TTS 8-00\TestNG_Learning\src\test\resources
2026-07-11 09:29:40,072 [Worker-48: Building] INFO  o.a.m.s.f.DefaultMavenResourcesFiltering - skip non existing resourceDirectory C:\Users\Admin\Automation TTS 8-00\TestNG_Learning\src\main\resources
2026-07-11 09:29:40,074 [Worker-48: Building] INFO  o.a.m.s.f.DefaultMavenResourcesFiltering - skip non existing resourceDirectory C:\Users\Admin\Automation TTS 8-00\TestNG_Learning\src\test\resources
2026-07-11 09:29:47,979 [Worker-50: Building] INFO  o.a.m.s.f.DefaultMavenResourcesFiltering - skip non existing resourceDirectory C:\Users\Admin\Automation TTS 8-00\TestNG_Learning\src\main\resources
2026-07-11 09:29:47,980 [Worker-50: Building] INFO  o.a.m.s.f.DefaultMavenResourcesFiltering - skip non existing resourceDirectory C:\Users\Admin\Automation TTS 8-00\TestNG_Learning\src\test\resources
2026-07-11 09:31:18,823 [Worker-47: Building] INFO  o.a.m.s.f.DefaultMavenResourcesFiltering - skip non existing resourceDirectory C:\Users\Admin\Automation TTS 8-00\TestNG_Learning\src\main\resources
2026-07-11 09:31:18,824 [Worker-47: Building] INFO  o.a.m.s.f.DefaultMavenResourcesFiltering - skip non existing resourceDirectory C:\Users\Admin\Automation TTS 8-00\TestNG_Learning\src\test\resources
2026-07-11 09:31:24,604 [Worker-47: Building] INFO  o.a.m.s.f.DefaultMavenResourcesFiltering - skip non existing resourceDirectory C:\Users\Admin\Automation TTS 8-00\TestNG_Learning\src\main\resources
2026-07-11 09:31:24,605 [Worker-47: Building] INFO  o.a.m.s.f.DefaultMavenResourcesFiltering - skip non existing resourceDirectory C:\Users\Admin\Automation TTS 8-00\TestNG_Learning\src\test\resources
2026-07-11 09:32:21,708 [Worker-44: Building] INFO  o.a.m.s.f.DefaultMavenResourcesFiltering - skip non existing resourceDirectory C:\Users\Admin\Automation TTS 8-00\TestNG_Learning\src\main\resources
2026-07-11 09:32:21,709 [Worker-44: Building] INFO  o.a.m.s.f.DefaultMavenResourcesFiltering - skip non existing resourceDirectory C:\Users\Admin\Automation TTS 8-00\TestNG_Learning\src\test\resources
2026-07-14 09:06:56,722 [Worker-2: Loading available Gradle versions] INFO  o.e.b.c.i.u.g.PublishedGradleVersions - Gradle version information cache is out-of-date. Trying to update.
2026-07-14 09:09:49,864 [Worker-14: Validation] INFO  o.a.m.s.f.DefaultMavenResourcesFiltering - skip non existing resourceDirectory C:\Users\Admin\Automation TTS 8-00\JUnit_Learning\src\main\resources
2026-07-14 09:09:49,869 [Worker-14: Validation] INFO  o.a.m.s.f.DefaultMavenResourcesFiltering - skip non existing resourceDirectory C:\Users\Admin\Automation TTS 8-00\JUnit_Learning\src\test\resources
2026-07-14 09:09:50,685 [Worker-14: Validation] INFO  o.a.m.s.f.DefaultMavenResourcesFiltering - skip non existing resourceDirectory C:\Users\Admin\Automation TTS 8-00\Selenium_Learning\src\main\resources
2026-07-14 09:09:50,687 [Worker-14: Validation] INFO  o.a.m.s.f.DefaultMavenResourcesFiltering - skip non existing resourceDirectory C:\Users\Admin\Automation TTS 8-00\Selenium_Learning\src\test\resources
2026-07-14 09:09:50,979 [Worker-14: Validation] INFO  o.a.m.s.f.DefaultMavenResourcesFiltering - skip non existing resourceDirectory C:\Users\Admin\Automation TTS 8-00\TestNG_Learning\src\main\resources
2026-07-14 09:09:50,981 [Worker-14: Validation] INFO  o.a.m.s.f.DefaultMavenResourcesFiltering - skip non existing resourceDirectory C:\Users\Admin\Automation TTS 8-00\TestNG_Learning\src\test\resources
2026-07-14 09:10:16,930 [Worker-10: Building] INFO  o.a.m.s.f.DefaultMavenResourcesFiltering - skip non existing resourceDirectory C:\Users\Admin\Automation TTS 8-00\JUnit_Learning\src\main\resources
2026-07-14 09:10:16,932 [Worker-10: Building] INFO  o.a.m.s.f.DefaultMavenResourcesFiltering - skip non existing resourceDirectory C:\Users\Admin\Automation TTS 8-00\JUnit_Learning\src\test\resources
2026-07-14 09:10:17,103 [Worker-10: Building] INFO  o.a.m.s.f.DefaultMavenResourcesFiltering - skip non existing resourceDirectory C:\Users\Admin\Automation TTS 8-00\Selenium_Learning\src\main\resources
2026-07-14 09:10:17,105 [Worker-10: Building] INFO  o.a.m.s.f.DefaultMavenResourcesFiltering - skip non existing resourceDirectory C:\Users\Admin\Automation TTS 8-00\Selenium_Learning\src\test\resources
2026-07-14 09:10:17,223 [Worker-10: Building] INFO  o.a.m.s.f.DefaultMavenResourcesFiltering - skip non existing resourceDirectory C:\Users\Admin\Automation TTS 8-00\TestNG_Learning\src\main\resources
2026-07-14 09:10:17,226 [Worker-10: Building] INFO  o.a.m.s.f.DefaultMavenResourcesFiltering - skip non existing resourceDirectory C:\Users\Admin\Automation TTS 8-00\TestNG_Learning\src\test\resources
2026-07-14 09:10:31,778 [Worker-14: Updating Maven Project] INFO  o.e.m.c.i.p.ProjectConfigurationManager - Update started
2026-07-14 09:10:32,077 [Worker-14: Updating Maven Project] INFO  o.e.m.c.i.l.LifecycleMappingFactory - Using org.eclipse.m2e.jdt.JarLifecycleMapping lifecycle mapping for MavenProject: com.testng:TestNG_Learning:0.0.1-SNAPSHOT @ C:\Users\Admin\Automation TTS 8-00\TestNG_Learning\pom.xml.
2026-07-14 09:10:32,429 [Worker-14: Updating Maven Project] INFO  o.e.m.j.i.AbstractJavaProjectConfigurator - Adding source folder /TestNG_Learning/src/main/java
2026-07-14 09:10:32,431 [Worker-14: Updating Maven Project] INFO  o.e.m.j.i.AbstractJavaProjectConfigurator - Adding resource folder /TestNG_Learning/src/main/resources
2026-07-14 09:10:32,431 [Worker-14: Updating Maven Project] INFO  o.e.m.j.i.AbstractJavaProjectConfigurator - Adding source folder /TestNG_Learning/src/test/java
2026-07-14 09:10:32,432 [Worker-14: Updating Maven Project] INFO  o.e.m.j.i.AbstractJavaProjectConfigurator - Adding resource folder /TestNG_Learning/src/test/resources
2026-07-14 09:10:32,602 [Worker-14: Updating Maven Project] INFO  o.e.m.c.i.p.ProjectConfigurationManager - Update completed for 1 poms: local refresh takes 0.00 sec, refresh facades takes 0.00 sec, update config takes 0.00 sec 
2026-07-14 09:10:32,811 [Worker-25: Building] INFO  o.a.m.s.f.DefaultMavenResourcesFiltering - skip non existing resourceDirectory C:\Users\Admin\Automation TTS 8-00\TestNG_Learning\src\main\resources
2026-07-14 09:10:32,813 [Worker-25: Building] INFO  o.a.m.s.f.DefaultMavenResourcesFiltering - skip non existing resourceDirectory C:\Users\Admin\Automation TTS 8-00\TestNG_Learning\src\test\resources
2026-07-14 09:13:29,218 [Worker-13: Building] INFO  o.a.m.s.f.DefaultMavenResourcesFiltering - skip non existing resourceDirectory C:\Users\Admin\Automation TTS 8-00\TestNG_Learning\src\main\resources
2026-07-14 09:13:29,220 [Worker-13: Building] INFO  o.a.m.s.f.DefaultMavenResourcesFiltering - skip non existing resourceDirectory C:\Users\Admin\Automation TTS 8-00\TestNG_Learning\src\test\resources
2026-07-14 09:13:30,348 [Worker-10: Building] INFO  o.a.m.s.f.DefaultMavenResourcesFiltering - skip non existing resourceDirectory C:\Users\Admin\Automation TTS 8-00\TestNG_Learning\src\main\resources
2026-07-14 09:13:30,352 [Worker-10: Building] INFO  o.a.m.s.f.DefaultMavenResourcesFiltering - skip non existing resourceDirectory C:\Users\Admin\Automation TTS 8-00\TestNG_Learning\src\test\resources
2026-07-14 09:15:05,634 [Worker-15: Building] INFO  o.a.m.s.f.DefaultMavenResourcesFiltering - skip non existing resourceDirectory C:\Users\Admin\Automation TTS 8-00\TestNG_Learning\src\main\resources
2026-07-14 09:15:05,636 [Worker-15: Building] INFO  o.a.m.s.f.DefaultMavenResourcesFiltering - skip non existing resourceDirectory C:\Users\Admin\Automation TTS 8-00\TestNG_Learning\src\test\resources
2026-07-14 09:15:12,003 [Worker-15: Building] INFO  o.a.m.s.f.DefaultMavenResourcesFiltering - skip non existing resourceDirectory C:\Users\Admin\Automation TTS 8-00\TestNG_Learning\src\main\resources
2026-07-14 09:15:12,005 [Worker-15: Building] INFO  o.a.m.s.f.DefaultMavenResourcesFiltering - skip non existing resourceDirectory C:\Users\Admin\Automation TTS 8-00\TestNG_Learning\src\test\resources
2026-07-14 09:16:10,823 [Worker-14: Building] INFO  o.a.m.s.f.DefaultMavenResourcesFiltering - skip non existing resourceDirectory C:\Users\Admin\Automation TTS 8-00\TestNG_Learning\src\main\resources
2026-07-14 09:16:10,825 [Worker-14: Building] INFO  o.a.m.s.f.DefaultMavenResourcesFiltering - skip non existing resourceDirectory C:\Users\Admin\Automation TTS 8-00\TestNG_Learning\src\test\resources
2026-07-14 09:16:20,172 [Worker-19: Building] INFO  o.a.m.s.f.DefaultMavenResourcesFiltering - skip non existing resourceDirectory C:\Users\Admin\Automation TTS 8-00\TestNG_Learning\src\main\resources
2026-07-14 09:16:20,174 [Worker-19: Building] INFO  o.a.m.s.f.DefaultMavenResourcesFiltering - skip non existing resourceDirectory C:\Users\Admin\Automation TTS 8-00\TestNG_Learning\src\test\resources
2026-07-14 09:16:27,078 [Worker-4: Building] INFO  o.a.m.s.f.DefaultMavenResourcesFiltering - skip non existing resourceDirectory C:\Users\Admin\Automation TTS 8-00\TestNG_Learning\src\main\resources
2026-07-14 09:16:27,079 [Worker-4: Building] INFO  o.a.m.s.f.DefaultMavenResourcesFiltering - skip non existing resourceDirectory C:\Users\Admin\Automation TTS 8-00\TestNG_Learning\src\test\resources
2026-07-14 09:17:58,293 [Worker-19: Building] INFO  o.a.m.s.f.DefaultMavenResourcesFiltering - skip non existing resourceDirectory C:\Users\Admin\Automation TTS 8-00\TestNG_Learning\src\main\resources
2026-07-14 09:17:58,296 [Worker-19: Building] INFO  o.a.m.s.f.DefaultMavenResourcesFiltering - skip non existing resourceDirectory C:\Users\Admin\Automation TTS 8-00\TestNG_Learning\src\test\resources
2026-07-14 09:18:18,076 [Worker-19: Building] INFO  o.a.m.s.f.DefaultMavenResourcesFiltering - skip non existing resourceDirectory C:\Users\Admin\Automation TTS 8-00\TestNG_Learning\src\main\resources
2026-07-14 09:18:18,078 [Worker-19: Building] INFO  o.a.m.s.f.DefaultMavenResourcesFiltering - skip non existing resourceDirectory C:\Users\Admin\Automation TTS 8-00\TestNG_Learning\src\test\resources
2026-07-14 09:18:26,060 [Worker-18: Building] INFO  o.a.m.s.f.DefaultMavenResourcesFiltering - skip non existing resourceDirectory C:\Users\Admin\Automation TTS 8-00\TestNG_Learning\src\main\resources
2026-07-14 09:18:26,062 [Worker-18: Building] INFO  o.a.m.s.f.DefaultMavenResourcesFiltering - skip non existing resourceDirectory C:\Users\Admin\Automation TTS 8-00\TestNG_Learning\src\test\resources
2026-07-14 09:18:28,084 [Worker-25: Building] INFO  o.a.m.s.f.DefaultMavenResourcesFiltering - skip non existing resourceDirectory C:\Users\Admin\Automation TTS 8-00\TestNG_Learning\src\main\resources
2026-07-14 09:18:28,086 [Worker-25: Building] INFO  o.a.m.s.f.DefaultMavenResourcesFiltering - skip non existing resourceDirectory C:\Users\Admin\Automation TTS 8-00\TestNG_Learning\src\test\resources
2026-07-14 09:20:27,575 [Worker-25: Building] INFO  o.a.m.s.f.DefaultMavenResourcesFiltering - skip non existing resourceDirectory C:\Users\Admin\Automation TTS 8-00\TestNG_Learning\src\main\resources
2026-07-14 09:20:27,578 [Worker-25: Building] INFO  o.a.m.s.f.DefaultMavenResourcesFiltering - skip non existing resourceDirectory C:\Users\Admin\Automation TTS 8-00\TestNG_Learning\src\test\resources
2026-07-14 09:20:58,610 [Worker-10: Building] INFO  o.a.m.s.f.DefaultMavenResourcesFiltering - skip non existing resourceDirectory C:\Users\Admin\Automation TTS 8-00\TestNG_Learning\src\main\resources
2026-07-14 09:20:58,612 [Worker-10: Building] INFO  o.a.m.s.f.DefaultMavenResourcesFiltering - skip non existing resourceDirectory C:\Users\Admin\Automation TTS 8-00\TestNG_Learning\src\test\resources
2026-07-14 09:21:02,482 [Worker-14: Building] INFO  o.a.m.s.f.DefaultMavenResourcesFiltering - skip non existing resourceDirectory C:\Users\Admin\Automation TTS 8-00\TestNG_Learning\src\main\resources
2026-07-14 09:21:02,484 [Worker-14: Building] INFO  o.a.m.s.f.DefaultMavenResourcesFiltering - skip non existing resourceDirectory C:\Users\Admin\Automation TTS 8-00\TestNG_Learning\src\test\resources
2026-07-14 09:22:09,763 [Worker-11: Building] INFO  o.a.m.s.f.DefaultMavenResourcesFiltering - skip non existing resourceDirectory C:\Users\Admin\Automation TTS 8-00\TestNG_Learning\src\main\resources
2026-07-14 09:22:09,766 [Worker-11: Building] INFO  o.a.m.s.f.DefaultMavenResourcesFiltering - skip non existing resourceDirectory C:\Users\Admin\Automation TTS 8-00\TestNG_Learning\src\test\resources
2026-07-14 09:23:43,372 [Worker-18: Building] INFO  o.a.m.s.f.DefaultMavenResourcesFiltering - skip non existing resourceDirectory C:\Users\Admin\Automation TTS 8-00\TestNG_Learning\src\main\resources
2026-07-14 09:23:43,374 [Worker-18: Building] INFO  o.a.m.s.f.DefaultMavenResourcesFiltering - skip non existing resourceDirectory C:\Users\Admin\Automation TTS 8-00\TestNG_Learning\src\test\resources
2026-07-14 09:23:56,533 [Worker-11: Building] INFO  o.a.m.s.f.DefaultMavenResourcesFiltering - skip non existing resourceDirectory C:\Users\Admin\Automation TTS 8-00\TestNG_Learning\src\main\resources
2026-07-14 09:23:56,535 [Worker-11: Building] INFO  o.a.m.s.f.DefaultMavenResourcesFiltering - skip non existing resourceDirectory C:\Users\Admin\Automation TTS 8-00\TestNG_Learning\src\test\resources
2026-07-14 09:24:36,144 [Worker-10: Building] INFO  o.a.m.s.f.DefaultMavenResourcesFiltering - skip non existing resourceDirectory C:\Users\Admin\Automation TTS 8-00\TestNG_Learning\src\main\resources
2026-07-14 09:24:36,146 [Worker-10: Building] INFO  o.a.m.s.f.DefaultMavenResourcesFiltering - skip non existing resourceDirectory C:\Users\Admin\Automation TTS 8-00\TestNG_Learning\src\test\resources
2026-07-14 09:24:50,461 [Worker-6: Building] INFO  o.a.m.s.f.DefaultMavenResourcesFiltering - skip non existing resourceDirectory C:\Users\Admin\Automation TTS 8-00\TestNG_Learning\src\main\resources
2026-07-14 09:24:50,464 [Worker-6: Building] INFO  o.a.m.s.f.DefaultMavenResourcesFiltering - skip non existing resourceDirectory C:\Users\Admin\Automation TTS 8-00\TestNG_Learning\src\test\resources
2026-07-14 09:25:16,870 [Worker-18: Building] INFO  o.a.m.s.f.DefaultMavenResourcesFiltering - skip non existing resourceDirectory C:\Users\Admin\Automation TTS 8-00\TestNG_Learning\src\main\resources
2026-07-14 09:25:16,871 [Worker-18: Building] INFO  o.a.m.s.f.DefaultMavenResourcesFiltering - skip non existing resourceDirectory C:\Users\Admin\Automation TTS 8-00\TestNG_Learning\src\test\resources
2026-07-14 09:25:20,996 [Worker-19: Building] INFO  o.a.m.s.f.DefaultMavenResourcesFiltering - skip non existing resourceDirectory C:\Users\Admin\Automation TTS 8-00\TestNG_Learning\src\main\resources
2026-07-14 09:25:20,997 [Worker-19: Building] INFO  o.a.m.s.f.DefaultMavenResourcesFiltering - skip non existing resourceDirectory C:\Users\Admin\Automation TTS 8-00\TestNG_Learning\src\test\resources
2026-07-14 09:26:13,368 [Worker-3: Building] INFO  o.a.m.s.f.DefaultMavenResourcesFiltering - skip non existing resourceDirectory C:\Users\Admin\Automation TTS 8-00\TestNG_Learning\src\main\resources
2026-07-14 09:26:13,371 [Worker-3: Building] INFO  o.a.m.s.f.DefaultMavenResourcesFiltering - skip non existing resourceDirectory C:\Users\Admin\Automation TTS 8-00\TestNG_Learning\src\test\resources
2026-07-14 09:26:14,998 [Worker-18: Building] INFO  o.a.m.s.f.DefaultMavenResourcesFiltering - skip non existing resourceDirectory C:\Users\Admin\Automation TTS 8-00\TestNG_Learning\src\main\resources
2026-07-14 09:26:14,999 [Worker-18: Building] INFO  o.a.m.s.f.DefaultMavenResourcesFiltering - skip non existing resourceDirectory C:\Users\Admin\Automation TTS 8-00\TestNG_Learning\src\test\resources
2026-07-14 09:27:24,597 [Worker-14: Building] INFO  o.a.m.s.f.DefaultMavenResourcesFiltering - skip non existing resourceDirectory C:\Users\Admin\Automation TTS 8-00\TestNG_Learning\src\main\resources
2026-07-14 09:27:24,599 [Worker-14: Building] INFO  o.a.m.s.f.DefaultMavenResourcesFiltering - skip non existing resourceDirectory C:\Users\Admin\Automation TTS 8-00\TestNG_Learning\src\test\resources
2026-07-14 09:28:04,658 [Worker-11: Building] INFO  o.a.m.s.f.DefaultMavenResourcesFiltering - skip non existing resourceDirectory C:\Users\Admin\Automation TTS 8-00\TestNG_Learning\src\main\resources
2026-07-14 09:28:04,660 [Worker-11: Building] INFO  o.a.m.s.f.DefaultMavenResourcesFiltering - skip non existing resourceDirectory C:\Users\Admin\Automation TTS 8-00\TestNG_Learning\src\test\resources
2026-07-14 09:28:07,810 [Worker-11: Building] INFO  o.a.m.s.f.DefaultMavenResourcesFiltering - skip non existing resourceDirectory C:\Users\Admin\Automation TTS 8-00\TestNG_Learning\src\main\resources
2026-07-14 09:28:07,812 [Worker-11: Building] INFO  o.a.m.s.f.DefaultMavenResourcesFiltering - skip non existing resourceDirectory C:\Users\Admin\Automation TTS 8-00\TestNG_Learning\src\test\resources
2026-07-14 09:28:13,602 [Worker-6: Building] INFO  o.a.m.s.f.DefaultMavenResourcesFiltering - skip non existing resourceDirectory C:\Users\Admin\Automation TTS 8-00\TestNG_Learning\src\main\resources
2026-07-14 09:28:13,604 [Worker-6: Building] INFO  o.a.m.s.f.DefaultMavenResourcesFiltering - skip non existing resourceDirectory C:\Users\Admin\Automation TTS 8-00\TestNG_Learning\src\test\resources
2026-07-14 09:28:18,921 [Worker-6: Building] INFO  o.a.m.s.f.DefaultMavenResourcesFiltering - skip non existing resourceDirectory C:\Users\Admin\Automation TTS 8-00\TestNG_Learning\src\main\resources
2026-07-14 09:28:18,922 [Worker-6: Building] INFO  o.a.m.s.f.DefaultMavenResourcesFiltering - skip non existing resourceDirectory C:\Users\Admin\Automation TTS 8-00\TestNG_Learning\src\test\resources
2026-07-14 09:28:42,703 [Worker-10: Building] INFO  o.a.m.s.f.DefaultMavenResourcesFiltering - skip non existing resourceDirectory C:\Users\Admin\Automation TTS 8-00\TestNG_Learning\src\main\resources
2026-07-14 09:28:42,704 [Worker-10: Building] INFO  o.a.m.s.f.DefaultMavenResourcesFiltering - skip non existing resourceDirectory C:\Users\Admin\Automation TTS 8-00\TestNG_Learning\src\test\resources
2026-07-14 09:28:51,064 [Worker-19: Building] INFO  o.a.m.s.f.DefaultMavenResourcesFiltering - skip non existing resourceDirectory C:\Users\Admin\Automation TTS 8-00\TestNG_Learning\src\main\resources
2026-07-14 09:28:51,066 [Worker-19: Building] INFO  o.a.m.s.f.DefaultMavenResourcesFiltering - skip non existing resourceDirectory C:\Users\Admin\Automation TTS 8-00\TestNG_Learning\src\test\resources
2026-07-14 09:29:47,090 [Worker-11: Building] INFO  o.a.m.s.f.DefaultMavenResourcesFiltering - skip non existing resourceDirectory C:\Users\Admin\Automation TTS 8-00\TestNG_Learning\src\main\resources
2026-07-14 09:29:47,091 [Worker-11: Building] INFO  o.a.m.s.f.DefaultMavenResourcesFiltering - skip non existing resourceDirectory C:\Users\Admin\Automation TTS 8-00\TestNG_Learning\src\test\resources
2026-07-14 09:29:48,131 [Worker-18: Building] INFO  o.a.m.s.f.DefaultMavenResourcesFiltering - skip non existing resourceDirectory C:\Users\Admin\Automation TTS 8-00\TestNG_Learning\src\main\resources
2026-07-14 09:29:48,132 [Worker-18: Building] INFO  o.a.m.s.f.DefaultMavenResourcesFiltering - skip non existing resourceDirectory C:\Users\Admin\Automation TTS 8-00\TestNG_Learning\src\test\resources
2026-07-14 09:31:36,895 [Worker-6: Building] INFO  o.a.m.s.f.DefaultMavenResourcesFiltering - skip non existing resourceDirectory C:\Users\Admin\Automation TTS 8-00\TestNG_Learning\src\main\resources
2026-07-14 09:31:36,898 [Worker-6: Building] INFO  o.a.m.s.f.DefaultMavenResourcesFiltering - skip non existing resourceDirectory C:\Users\Admin\Automation TTS 8-00\TestNG_Learning\src\test\resources
2026-07-14 09:31:37,986 [Worker-19: Building] INFO  o.a.m.s.f.DefaultMavenResourcesFiltering - skip non existing resourceDirectory C:\Users\Admin\Automation TTS 8-00\TestNG_Learning\src\main\resources
2026-07-14 09:31:37,987 [Worker-19: Building] INFO  o.a.m.s.f.DefaultMavenResourcesFiltering - skip non existing resourceDirectory C:\Users\Admin\Automation TTS 8-00\TestNG_Learning\src\test\resources
2026-07-14 09:31:52,990 [Worker-11: Building] INFO  o.a.m.s.f.DefaultMavenResourcesFiltering - skip non existing resourceDirectory C:\Users\Admin\Automation TTS 8-00\TestNG_Learning\src\main\resources
2026-07-14 09:31:52,991 [Worker-11: Building] INFO  o.a.m.s.f.DefaultMavenResourcesFiltering - skip non existing resourceDirectory C:\Users\Admin\Automation TTS 8-00\TestNG_Learning\src\test\resources
2026-07-14 09:31:56,124 [Worker-10: Building] INFO  o.a.m.s.f.DefaultMavenResourcesFiltering - skip non existing resourceDirectory C:\Users\Admin\Automation TTS 8-00\TestNG_Learning\src\main\resources
2026-07-14 09:31:56,126 [Worker-10: Building] INFO  o.a.m.s.f.DefaultMavenResourcesFiltering - skip non existing resourceDirectory C:\Users\Admin\Automation TTS 8-00\TestNG_Learning\src\test\resources
2026-07-14 09:32:23,811 [Worker-15: Building] INFO  o.a.m.s.f.DefaultMavenResourcesFiltering - skip non existing resourceDirectory C:\Users\Admin\Automation TTS 8-00\TestNG_Learning\src\main\resources
2026-07-14 09:32:23,814 [Worker-15: Building] INFO  o.a.m.s.f.DefaultMavenResourcesFiltering - skip non existing resourceDirectory C:\Users\Admin\Automation TTS 8-00\TestNG_Learning\src\test\resources
2026-07-14 09:32:52,907 [Worker-18: Building] INFO  o.a.m.s.f.DefaultMavenResourcesFiltering - skip non existing resourceDirectory C:\Users\Admin\Automation TTS 8-00\TestNG_Learning\src\main\resources
2026-07-14 09:32:52,909 [Worker-18: Building] INFO  o.a.m.s.f.DefaultMavenResourcesFiltering - skip non existing resourceDirectory C:\Users\Admin\Automation TTS 8-00\TestNG_Learning\src\test\resources
2026-07-14 09:33:08,072 [Worker-3: Building] INFO  o.a.m.s.f.DefaultMavenResourcesFiltering - skip non existing resourceDirectory C:\Users\Admin\Automation TTS 8-00\TestNG_Learning\src\main\resources
2026-07-14 09:33:08,073 [Worker-3: Building] INFO  o.a.m.s.f.DefaultMavenResourcesFiltering - skip non existing resourceDirectory C:\Users\Admin\Automation TTS 8-00\TestNG_Learning\src\test\resources
2026-07-14 09:33:15,822 [Worker-3: Building] INFO  o.a.m.s.f.DefaultMavenResourcesFiltering - skip non existing resourceDirectory C:\Users\Admin\Automation TTS 8-00\TestNG_Learning\src\main\resources
2026-07-14 09:33:15,824 [Worker-3: Building] INFO  o.a.m.s.f.DefaultMavenResourcesFiltering - skip non existing resourceDirectory C:\Users\Admin\Automation TTS 8-00\TestNG_Learning\src\test\resources
2026-07-14 09:33:23,204 [Worker-19: Building] INFO  o.a.m.s.f.DefaultMavenResourcesFiltering - skip non existing resourceDirectory C:\Users\Admin\Automation TTS 8-00\TestNG_Learning\src\main\resources
2026-07-14 09:33:23,206 [Worker-19: Building] INFO  o.a.m.s.f.DefaultMavenResourcesFiltering - skip non existing resourceDirectory C:\Users\Admin\Automation TTS 8-00\TestNG_Learning\src\test\resources
2026-07-14 09:33:24,225 [Worker-10: Building] INFO  o.a.m.s.f.DefaultMavenResourcesFiltering - skip non existing resourceDirectory C:\Users\Admin\Automation TTS 8-00\TestNG_Learning\src\main\resources
2026-07-14 09:33:24,227 [Worker-10: Building] INFO  o.a.m.s.f.DefaultMavenResourcesFiltering - skip non existing resourceDirectory C:\Users\Admin\Automation TTS 8-00\TestNG_Learning\src\test\resources
2026-07-14 09:34:04,086 [Worker-19: Building] INFO  o.a.m.s.f.DefaultMavenResourcesFiltering - skip non existing resourceDirectory C:\Users\Admin\Automation TTS 8-00\TestNG_Learning\src\main\resources
2026-07-14 09:34:04,088 [Worker-19: Building] INFO  o.a.m.s.f.DefaultMavenResourcesFiltering - skip non existing resourceDirectory C:\Users\Admin\Automation TTS 8-00\TestNG_Learning\src\test\resources
2026-07-14 09:34:18,964 [Worker-11: Building] INFO  o.a.m.s.f.DefaultMavenResourcesFiltering - skip non existing resourceDirectory C:\Users\Admin\Automation TTS 8-00\TestNG_Learning\src\main\resources
2026-07-14 09:34:18,966 [Worker-11: Building] INFO  o.a.m.s.f.DefaultMavenResourcesFiltering - skip non existing resourceDirectory C:\Users\Admin\Automation TTS 8-00\TestNG_Learning\src\test\resources
2026-07-14 09:37:00,448 [Worker-18: Building] INFO  o.a.m.s.f.DefaultMavenResourcesFiltering - skip non existing resourceDirectory C:\Users\Admin\Automation TTS 8-00\TestNG_Learning\src\main\resources
2026-07-14 09:37:00,450 [Worker-18: Building] INFO  o.a.m.s.f.DefaultMavenResourcesFiltering - skip non existing resourceDirectory C:\Users\Admin\Automation TTS 8-00\TestNG_Learning\src\test\resources
2026-07-14 09:37:13,413 [Worker-3: Building] INFO  o.a.m.s.f.DefaultMavenResourcesFiltering - skip non existing resourceDirectory C:\Users\Admin\Automation TTS 8-00\TestNG_Learning\src\main\resources
2026-07-14 09:37:13,414 [Worker-3: Building] INFO  o.a.m.s.f.DefaultMavenResourcesFiltering - skip non existing resourceDirectory C:\Users\Admin\Automation TTS 8-00\TestNG_Learning\src\test\resources
2026-07-14 09:37:30,825 [Worker-18: Building] INFO  o.a.m.s.f.DefaultMavenResourcesFiltering - skip non existing resourceDirectory C:\Users\Admin\Automation TTS 8-00\TestNG_Learning\src\main\resources
2026-07-14 09:37:30,826 [Worker-18: Building] INFO  o.a.m.s.f.DefaultMavenResourcesFiltering - skip non existing resourceDirectory C:\Users\Admin\Automation TTS 8-00\TestNG_Learning\src\test\resources
2026-07-14 09:38:12,323 [Worker-19: Building] INFO  o.a.m.s.f.DefaultMavenResourcesFiltering - skip non existing resourceDirectory C:\Users\Admin\Automation TTS 8-00\TestNG_Learning\src\main\resources
2026-07-14 09:38:12,325 [Worker-19: Building] INFO  o.a.m.s.f.DefaultMavenResourcesFiltering - skip non existing resourceDirectory C:\Users\Admin\Automation TTS 8-00\TestNG_Learning\src\test\resources
2026-07-14 09:38:45,057 [Worker-3: Building] INFO  o.a.m.s.f.DefaultMavenResourcesFiltering - skip non existing resourceDirectory C:\Users\Admin\Automation TTS 8-00\TestNG_Learning\src\main\resources
2026-07-14 09:38:45,058 [Worker-3: Building] INFO  o.a.m.s.f.DefaultMavenResourcesFiltering - skip non existing resourceDirectory C:\Users\Admin\Automation TTS 8-00\TestNG_Learning\src\test\resources
2026-07-14 09:39:08,838 [Worker-10: Building] INFO  o.e.m.c.i.l.LifecycleMappingFactory - Using org.eclipse.m2e.jdt.JarLifecycleMapping lifecycle mapping for MavenProject: com.testng:TestNG_Learning:0.0.1-SNAPSHOT @ C:\Users\Admin\Automation TTS 8-00\TestNG_Learning\pom.xml.
2026-07-14 09:39:09,311 [Worker-10: Building] INFO  o.a.m.s.f.DefaultMavenResourcesFiltering - skip non existing resourceDirectory C:\Users\Admin\Automation TTS 8-00\TestNG_Learning\src\main\resources
2026-07-14 09:39:09,313 [Worker-10: Building] INFO  o.a.m.s.f.DefaultMavenResourcesFiltering - skip non existing resourceDirectory C:\Users\Admin\Automation TTS 8-00\TestNG_Learning\src\test\resources
2026-07-14 09:39:10,581 [Worker-3: Building] INFO  o.a.m.s.f.DefaultMavenResourcesFiltering - skip non existing resourceDirectory C:\Users\Admin\Automation TTS 8-00\TestNG_Learning\src\main\resources
2026-07-14 09:39:10,583 [Worker-3: Building] INFO  o.a.m.s.f.DefaultMavenResourcesFiltering - skip non existing resourceDirectory C:\Users\Admin\Automation TTS 8-00\TestNG_Learning\src\test\resources
2026-07-14 09:40:02,458 [Worker-18: Building] INFO  o.a.m.s.f.DefaultMavenResourcesFiltering - skip non existing resourceDirectory C:\Users\Admin\Automation TTS 8-00\TestNG_Learning\src\main\resources
2026-07-14 09:40:02,459 [Worker-18: Building] INFO  o.a.m.s.f.DefaultMavenResourcesFiltering - skip non existing resourceDirectory C:\Users\Admin\Automation TTS 8-00\TestNG_Learning\src\test\resources
2026-07-14 09:40:38,646 [Worker-15: Building] INFO  o.a.m.s.f.DefaultMavenResourcesFiltering - skip non existing resourceDirectory C:\Users\Admin\Automation TTS 8-00\TestNG_Learning\src\main\resources
2026-07-14 09:40:38,649 [Worker-15: Building] INFO  o.a.m.s.f.DefaultMavenResourcesFiltering - skip non existing resourceDirectory C:\Users\Admin\Automation TTS 8-00\TestNG_Learning\src\test\resources
2026-07-14 09:40:43,910 [Worker-11: Building] INFO  o.a.m.s.f.DefaultMavenResourcesFiltering - skip non existing resourceDirectory C:\Users\Admin\Automation TTS 8-00\TestNG_Learning\src\main\resources
2026-07-14 09:40:43,912 [Worker-11: Building] INFO  o.a.m.s.f.DefaultMavenResourcesFiltering - skip non existing resourceDirectory C:\Users\Admin\Automation TTS 8-00\TestNG_Learning\src\test\resources
2026-07-14 09:40:50,477 [Worker-15: Building] INFO  o.a.m.s.f.DefaultMavenResourcesFiltering - skip non existing resourceDirectory C:\Users\Admin\Automation TTS 8-00\TestNG_Learning\src\main\resources
2026-07-14 09:40:50,479 [Worker-15: Building] INFO  o.a.m.s.f.DefaultMavenResourcesFiltering - skip non existing resourceDirectory C:\Users\Admin\Automation TTS 8-00\TestNG_Learning\src\test\resources
2026-07-14 09:40:51,590 [Worker-15: Building] INFO  o.a.m.s.f.DefaultMavenResourcesFiltering - skip non existing resourceDirectory C:\Users\Admin\Automation TTS 8-00\TestNG_Learning\src\main\resources
2026-07-14 09:40:51,591 [Worker-15: Building] INFO  o.a.m.s.f.DefaultMavenResourcesFiltering - skip non existing resourceDirectory C:\Users\Admin\Automation TTS 8-00\TestNG_Learning\src\test\resources
